name,price,review_num,review_rating,stock,upc
A Light in the Attic,￥441.64,0,3,22,a897fe39b1053632
Mesaerion: The Best Science Fiction Stories 1800-1849,￥320.68,0,1,19,e30f54cea9b38190
Scott Pilgrim's Precious Little Life (Scott Pilgrim #1),￥446.08,0,5,19,3b1c02bac2a429e6
Libertarianism for Beginners,￥437.89,0,2,19,a18a4f574854aced
It's Only the Himalayas,￥385.34,0,2,19,a22124811bfa8350
"Our Band Could Be Your Life: Scenes from the American Indie Underground, 1981-1991",￥488.39,0,3,19,deda3e61b9514b83
Olio,￥203.72,0,1,19,feb7cc7701ecf901
Set Me Free,￥148.95,0,5,19,ce6396b0f23f6ecc
Shakespeare's Sonnets,￥176.25,0,4,19,30a7f60cd76ca58c
"Starving Hearts (Triangular Trade Trilogy, #1)",￥119.35,0,2,19,0312262ecafa5a40
The Black Maria,￥444.89,0,1,19,1dfe412b8ac00530
The Dirty Little Secrets of Getting Your Dream Job,￥284.42,0,4,19,2597b5a345f45e1b
"The Coming Woman: A Novel Based on the Life of the Infamous Feminist, Victoria Woodhull",￥152.96,0,3,19,e72a5dfc7e9267b2
Rip it Up and Start Again,￥298.75,0,5,19,a34ba96d4081e6a4
The Requiem Red,￥193.22,0,1,19,f77dbf2323deb740
Sharp Objects,￥407.95,0,4,20,e00eb4fd7b871a48
Sapiens: A Brief History of Humankind,￥462.63,0,5,20,4165285e1663650f
The Boys in the Boat: Nine Americans and Their Epic Quest for Gold at the 1936 Berlin Olympics,￥192.80,0,4,19,e10e1e165dc8be4a
Soumission,￥427.40,0,1,20,6957f44c3847a760
Tipping the Velvet,￥458.45,0,1,20,90fa61229261140a
You can't bury them all: Poems,￥286.89,0,2,17,55f9da0c5eea2e10
Behind Closed Doors,￥445.48,0,4,18,be5cc846f45496fb
Maude (1883-1993):She Grew Up with the country,￥153.73,0,2,18,094b269567e1c300
Penny Maybe,￥283.99,0,3,18,668fe56b17cfcd4f
Sophie's World,￥135.98,0,5,18,6be3beb0793a53e7
The Elephant Tree,￥203.21,0,5,18,5dada2b7be26bd03
The Five Love Languages: How to Express Heartfelt Commitment to Your Mate,￥264.88,0,3,18,3c039985229453bf
The Four Agreements: A Practical Guide to Personal Freedom,￥150.66,0,5,18,6258a1f6a6dcfe50
Wall and Piece,￥376.90,0,4,18,ccd9ffa25efabdea
Aladdin and His Wonderful Lamp,￥453.25,0,3,19,904208d6aa64b655
America's Cradle of Quarterbacks: Western Pennsylvania's Football Factory from Johnny Unitas to Joe Montana,￥191.95,0,3,19,c7d160c2c0de586f
Birdsong: A Story in Pictures,￥466.13,0,3,19,9528d0948525bf5f
"In a Dark, Dark Wood",￥167.46,0,1,18,19ed25f4641d5efd
Black Dust,￥294.57,0,5,19,00bfed9e18bb36f3
Worlds Elsewhere: Journeys Around Shakespeare’s Globe,￥343.80,0,5,18,4c28def39d850cdf
Chase Me (Paris Nights #2),￥215.58,0,5,19,c2e46a2ee3b4a322
"Foolproof Preserving: A Guide to Small Batch Jams, Jellies, Pickles, Condiments, and More: A Foolproof Guide to Making Small Batch Jams, Jellies, Pickles, Condiments, and More",￥260.36,0,3,19,5674a18a29a43ced
How Music Works,￥318.37,0,2,19,327f68a59745c102
Reasons to Stay Alive,￥225.30,0,2,17,c8f7f0cb1abb9cac
Slow States of Collapse: Poems,￥488.91,0,3,17,b4fd5943413e089a
The Natural History of Us (The Fine Art of Pretending #2),￥385.77,0,3,16,cedf82b5086e4691
The Past Never Ends,￥482.00,0,4,16,5ee94540d0749ea0
"The Pioneer Woman Cooks: Dinnertime: Comfort Classics, Freezer Food, 16-Minute Meals, and Other Delicious Ways to Solve Supper!",￥481.23,0,1,16,142d767a56a9254d
The Bear and the Piano,￥314.70,0,1,18,9f6568e9c95f60b0
The Secret of Dreadwillow Carse,￥478.84,0,1,16,b5ea0b5dabed25a8
The Torch Is Passed: A Harding Family Story,￥162.85,0,1,16,4eed62cf5f8d8edf
Thirst,￥147.33,0,5,16,709822d0b5bcb7f4
This One Summer,￥166.27,0,4,16,51653ef291ab7ddc
Throwing Rocks at the Google Bus: How Growth Became the Enemy of Prosperity,￥265.48,0,3,16,7858914fad68493c
Tsubasa: WoRLD CHRoNiCLE 2 (Tsubasa WoRLD CHRoNiCLE #2),￥138.88,0,1,16,09555be379ad9253
In Her Wake,￥109.54,0,1,19,23356462d1320d61
"We Love You, Charlie Freeman",￥428.85,0,5,16,8d455c7539795d2a
When We Collided,￥271.03,0,1,16,3ecb690d1542c568
Without Borders (Wanderlove #1),￥384.49,0,2,16,acddfeab2a407640
#HigherSelfie: Wake Up Your Life. Free Your Soul. Find Your Tribe.,￥197.15,0,5,17,c27f6e1f185b0383
Untitled Collection: Sabbath Poems 2014,￥121.74,0,4,16,657fe5ead67a7767
Private Paris (Private #10),￥406.16,0,5,17,b12b89017878a60d
The Nameless City (The Nameless City #1),￥325.54,0,4,16,7d385d34d12e60ff
"Unseen City: The Majesty of Pigeons, the Discreet Charm of Snails & Other Wonders of the Urban Wilderness",￥376.90,0,4,16,d170b5a0da46380e
Reskilling America: Learning to Labor in the Twenty-First Century,￥169.17,0,2,16,d7310206583a54b6
"Saga, Volume 6 (Saga (Collected Editions) #6)",￥213.44,0,3,16,c849f0b2f5d6a742
Security,￥334.84,0,2,16,6f78a0d744c35456
Soul Reader,￥337.65,0,2,16,e6af5bf1163c1151
Unicorn Tracks,￥160.21,0,3,16,7ae099f3898e0209
Spark Joy: An Illustrated Master Class on the Art of Organizing and Tidying Up,￥356.85,0,4,16,87b0615b6e1f4d7b
The Activist's Tao Te Ching: Ancient Advice for a Modern Revolution,￥275.04,0,5,16,7d6d2a6c0276f81b
"Unbound: How Eight Technologies Made Us Human, Transformed Society, and Brought Our World to the Brink",￥217.71,0,1,16,9a9d6e9bc555731e
The Art Forger,￥347.72,0,3,16,80cfab6bcff3a244
The Death of Humanity: and the Case for Life,￥495.73,0,4,16,bd261725b99f5983
The Electric Pencil: Drawings from Inside State Hospital No. 3,￥478.24,0,1,16,a30b270e25489e5c
In the Country We Love: My Family Divided,￥187.68,0,4,16,b136b1b180ca753a
"Saga, Volume 5 (Saga (Collected Editions) #5)",￥435.42,0,2,16,53a3d11bb568cc8b
Join,￥304.30,0,5,16,18ad3ed896c7ce05
Lumberjanes Vol. 3: A Terrible Plan (Lumberjanes #9-12),￥169.94,0,2,16,57e5a4d515c8ce44
"Mama Tried: Traditional Italian Cooking for the Screwed, Crude, Vegan, and Tattooed",￥119.60,0,4,16,72f9d5be3472d34e
Masks and Shadows,￥481.14,0,2,16,fa9610a50a1bf149
"Layered: Baking, Building, and Styling Spectacular Cakes",￥342.17,0,1,16,7b75cc7f223791f4
"The Bulletproof Diet: Lose up to a Pound a Day, Reclaim Energy and Focus, Upgrade Your Life",￥418.44,0,3,16,43c6a960757cf559
"Rat Queens, Vol. 3: Demons (Rat Queens (Collected Editions) #11-15)",￥429.96,0,3,16,c82a3e358c773c73
My Paris Kitchen: Recipes and Stories,￥284.68,0,2,16,784bc2279baa878d
"Lumberjanes, Vol. 1: Beware the Kitten Holy (Lumberjanes #1-4)",￥389.09,0,3,16,b6ee99bcf06fc91f
Obsidian (Lux #1),￥126.77,0,2,16,3c346ab1e76ae1f6
On a Midnight Clear,￥120.03,0,3,16,b757c0c361e689ce
Online Marketing for Busy Authors: A Step-By-Step Guide,￥395.41,0,1,16,9ffa38d3b832433a
The Age of Genius: The Seventeenth Century and the Birth of the Modern Mind,￥168.31,0,1,16,a3d2a4250807f1e9
orange: The Complete Collection 1 (orange: The Complete Collection #1),￥412.98,0,1,16,11809b1d323b3057
"Outcast, Vol. 1: A Darkness Surrounds Him (Outcast #1)",￥131.72,0,4,16,889139b8e9c4cb36
"Bitch Planet, Vol. 1: Extraordinary Machine (Bitch Planet (Collected Editions))",￥323.49,0,2,16,bdf415fd484ea8a7
Bossypants,￥421.94,0,2,16,74baabfc8fd84b38
Call the Nurse: True Stories of a Country Nurse on a Scottish Isle,￥248.59,0,5,16,bee3672891cca906
Camp Midnight,￥145.71,0,4,16,7b599c8bfcdd8d30
Danganronpa Volume 1,￥443.52,0,4,16,09b6cc87e62c2c58
Burning,￥245.78,0,3,16,5ceb951f629700a2
Everydata: The Misinformation Hidden in the Little Data You Consume Every Day,￥463.65,0,2,16,311c0dd0e354a33e
"Avatar: The Last Airbender: Smoke and Shadow, Part 3 (Smoke and Shadow #3)",￥239.63,0,2,16,6d5300b2d8f37e07
First and First (Five Boroughs #3),￥136.24,0,4,16,9e28048cea8d41f7
Judo: Seven Steps to Black Belt (an Introductory Guide for Beginners),￥459.82,0,2,16,228f74b74f3a08ae
Crown of Midnight (Throne of Glass #2),￥369.30,0,3,16,7267864328ae8b9d
"Giant Days, Vol. 2 (Giant Days #5-8)",￥188.62,0,2,16,f2df3bb043a8abb0
"Lumberjanes, Vol. 2: Friendship to the Max (Lumberjanes #5-8)",￥400.18,0,2,16,460089f796fb3f82
Her Backup Boyfriend (The Sorensen Family #1),￥289.79,0,1,16,2a97cffe61c3c4c7
"Don't Be a Jerk: And Other Practical Advice from Dogen, Japan's Greatest Zen Master",￥323.92,0,2,16,fce19f9b4a943f22
Fifty Shades Darker (Fifty Shades #2),￥187.34,0,1,16,7add3f8e49ec0826
Forever and Forever: The Courtship of Henry Longfellow and Fanny Appleton,￥253.28,0,3,16,9beb96a2300109d7
The Stranger,￥148.78,0,4,15,f5a92cff83897d48
The Wedding Dress,￥205.77,0,1,15,623e1a180426039b
"Codename Baboushka, Volume 1: The Conclave of Death",￥313.25,0,4,16,8754c83ab2a7ae71
The White Cat and the Monk: A Retelling of the Poem “Pangur Bán”,￥495.47,0,4,15,37c0cb19713d8dda
Thirteen Reasons Why,￥449.75,0,1,15,bc2a85fd35fdc7bd
The Third Wave: An Entrepreneur’s Vision of the Future,￥107.57,0,5,15,3bebf34ee9330cbd
Thomas Jefferson and the Tripoli Pirates: The Forgotten War That Changed American History,￥508.78,0,1,15,de3f25248ba0789f
"William Shakespeare's Star Wars: Verily, A New Hope (William Shakespeare's Star Wars #4)",￥369.39,0,4,15,9270575728a13a61
Tracing Numbers on a Train,￥354.89,0,3,15,d7d6d50c1e3d0b81
Tuesday Nights in 1980,￥179.49,0,2,15,b8736690cf263a3c
A Court of Thorns and Roses (A Court of Thorns and Roses #1),￥446.76,0,1,16,01d2001ac1e6f8a3
The Vacationers,￥359.58,0,4,15,fd3a622648667296
Throne of Glass (Throne of Glass #1),￥299.18,0,3,15,590a9cccf7db9f7d
(Un)Qualified: How God Uses Broken People to Do Big Things,￥460.67,0,5,16,e4ac92d89b946781
"A Piece of Sky, a Grain of Rice: A Memoir in Four Meditations",￥484.21,0,5,16,8a380641491d43ed
A Fierce and Subtle Poison,￥239.97,0,4,16,842790dfaa937484
A Murder in Time,￥141.95,0,1,16,f733e8c19d40ec2e
Algorithms to Live By: The Computer Science of Human Decisions,￥262.84,0,1,16,38d45839cb1c83c1
A World of Flavor: Your Gluten Free Passport,￥366.40,0,1,16,70ed59f194b3c556
A Flight of Arrows (The Pathfinders #2),￥473.72,0,5,16,3a6fb983e2554023
"I Hate Fairyland, Vol. 1: Madly Ever After (I Hate Fairyland (Compilations) #1-5)",￥248.85,0,2,16,8d4eefad7a2b3915
Patience,￥86.67,0,3,16,9429b4d59c537af5
I am a Hero Omnibus Volume 1,￥466.04,0,3,16,1c89ae5bb804e4de
You Are What You Love: The Spiritual Power of Habit,￥186.57,0,4,15,796c87ddbbaaf8c5
Immunity: How Elie Metchnikoff Changed the Course of Modern Medicine,￥489.33,0,5,16,e4f74c16de34d440
The Gutsy Girl: Escapades for Your Life of Epic Adventure,￥316.75,0,1,16,acd86a5426e21ca0
"Political Suicide: Missteps, Peccadilloes, Bad Calls, Backroom Hijinx, Sordid Pasts, Rotten Breaks, and Just Plain Dumb Mistakes in the Annals of American Politics",￥309.50,0,2,16,7392c0032f92d816
"Pop Gun War, Volume 1: Gift",￥161.83,0,1,16,e80f8e518b300dfe
Princess Between Worlds (Wide-Awake Princess #5),￥113.80,0,5,16,0e691eda369f4e09
"Princess Jellyfish 2-in-1 Omnibus, Vol. 01 (Princess Jellyfish 2-in-1 Omnibus #1)",￥116.11,0,5,16,0fa6dceead7ce47a
The Emerald Mystery,￥197.49,0,2,15,d6670dfe3e7b42bd
The Cookies & Cups Cookbook: 125+ sweet & savory recipes reminding you to Always Eat Dessert First,￥351.90,0,1,15,96a38e7c813d8f1d
The Kite Runner,￥356.76,0,4,15,eac1a180047ad54e
The Girl on the Train,￥469.37,0,2,15,e956d67c9bcc5809
The Glittering Court (The Glittering Court #1),￥377.75,0,1,15,2dbb7ec08cdd7f3c
The Mistake (Off-Campus #2),￥369.30,0,3,15,99ff4cc6491e8f5c
The Long Shadow of Small Ghosts: Murder and Memory in an American City,￥93.58,0,1,15,abeafe151a587d3b
The House by the Lake,￥315.22,0,1,15,9287e238d7c3b06e
The Nerdy Nummies Cookbook: Sweet Treats for the Geek in All of Us,￥318.54,0,5,15,e4c7f3487d17fd42
The Murder of Roger Ackroyd (Hercule Poirot #4),￥376.21,0,4,15,c7b5183f4d1d4efe
The Love and Lemons Cookbook: An Apple-to-Zucchini Celebration of Impromptu Cooking,￥320.76,0,2,15,e28e330cbdf01126
How to Be Miserable: 40 Strategies You Already Use,￥392.68,0,1,16,a6f99b9e687f9d46
The Power of Now: A Guide to Spiritual Enlightenment,￥371.44,0,2,15,8ec14b1576cb7cb5
The Secret (The Secret #1),￥233.49,0,4,15,961f18db4f138211
The Psychopath Test: A Journey Through the Madness Industry,￥307.11,0,2,15,e98a4efa85070c2f
The Regional Office Is Under Attack!,￥438.15,0,5,15,0651062381f0636a
The Matchmaker's Playbook (Wingmen Inc. #1),￥476.45,0,1,15,08db62f24627e71f
The Genius of Birds,￥147.07,0,1,15,42d0d7c92b75fc1c
The Shadow Hero (The Shadow Hero),￥282.71,0,1,15,d6361d16212664ed
Night Sky with Exit Wounds,￥350.19,0,1,15,cfeb1e1e0e695b58
The Project,￥90.85,0,1,15,790ef197c8f236f5
The Omnivore's Dilemma: A Natural History of Four Meals,￥325.97,0,2,15,209adad1015af86f
Poses for Artists Volume 1 - Dynamic and Sitting Poses: An Essential Reference for Figure Drawing and the Human Form,￥350.28,0,1,15,d9c643fa1fc57bdb
Mrs. Houdini,￥258.06,0,5,15,a40723994f715420
Romero and Juliet: A Tragic Tale of Love and Zombies,￥315.13,0,1,15,e656e280bc8edd56
Scarlett Epstein Hates It Here,￥371.52,0,5,15,1c929cfd16b71907
Poems That Make Grown Women Cry,￥121.05,0,4,15,31001a1210623bd4
Redeeming Love,￥174.63,0,5,15,b53db2271c9624f7
So You've Been Publicly Shamed,￥104.33,0,2,15,1b33663ad7b95fd8
Secrets and Lace (Fatal Hearts #1),￥172.92,0,1,15,ad04ad9fc179fc5d
Something More Than This,￥138.54,0,4,15,ca71e72655bece85
"Nightingale, Sing",￥326.56,0,1,15,50b8f80311b31ede
Suddenly in Love (Lake Haven #1),￥477.65,0,2,15,203b7f94b7d6115f
The 10% Entrepreneur: Live Your Startup Dream Without Quitting Your Day Job,￥235.03,0,3,15,56e4f9eab2e8e674
Soft Apocalypse,￥222.83,0,2,15,2a70769cdc6eb8b8
Shoe Dog: A Memoir by the Creator of NIKE,￥204.66,0,2,15,0e0dcc3339602b28
Done Rubbed Out (Reightman & Bailey #1),￥321.79,0,5,15,f6d967cdadc6fbd9
"Shobu Samurai, Project Aryoku (#3)",￥247.91,0,3,15,0c27e6c3744fc14b
The Argonauts,￥93.24,0,2,15,c99761a700ade23f
"Deliciously Ella Every Day: Quick and Easy Recipes for Gluten-Free Snacks, Packed Lunches, and Simple Meals",￥359.66,0,3,15,46c1530d7546ea6d
"Fables, Vol. 1: Legends in Exile (Fables #1)",￥355.06,0,4,15,65d034adf80834b7
First Steps for New Christians (Print Edition),￥247.40,0,1,15,2f88b08bf0a0e367
Drive: The Surprising Truth About What Motivates Us,￥298.15,0,4,15,6ffb36aaeff1c81e
Eureka Trivia 6.0,￥465.70,0,4,15,29c0025455f8c585
Follow You Home,￥182.22,0,1,15,8585760646e3aa2a
Full Moon over Noah’s Ark: An Odyssey to Mount Ararat and Beyond,￥421.68,0,4,15,ce60436f52c5ee68
Finders Keepers (Bill Hodges Trilogy #2),￥456.66,0,5,15,edb3097e71330040
Doing It Over (Most Likely To #1),￥303.79,0,3,15,3a11bb962ff45b78
Grumbles,￥189.04,0,2,15,d163dd6c352fbcd2
Hollow City (Miss Peregrine’s Peculiar Children #2),￥366.66,0,1,15,4ce91d31c1e57c33
Frostbite (Vampire Academy #2),￥255.84,0,5,15,116a2fdc9a45bab0
Library of Souls (Miss Peregrine’s Peculiar Children #3),￥414.26,0,5,15,ba54932df84e8cea
I Had a Nice Time And Other Lies...: How to find love & sh*t like that,￥489.33,0,4,15,fd8585283fc7d2d7
Louisa: The Extraordinary Life of Mrs. Adams,￥143.75,0,2,15,d69dd8dac66f9f84
Why the Right Went Wrong: Conservatism--From Goldwater to the Tea Party and Beyond,￥449.15,0,4,14,2b5054a4192e9b06
Large Print Heart of the Pride,￥163.37,0,2,15,c1afd71fc86bf682
Wild Swans,￥122.50,0,2,14,3fb15ace50d6142b
"Wonder Woman: Earth One, Volume One (Wonder Woman: Earth One #1)",￥318.54,0,4,14,047097293bb4d1c0
Agnostic: A Spirited Manifesto,￥106.72,0,5,15,d195e7f4ed697350
Amid the Chaos,￥312.06,0,1,15,bb8245f52c7cce8f
You (You #1),￥372.03,0,5,14,024387ca4cafd5cc
Ayumi's Violin,￥132.06,0,2,15,05f7c6d9a4e582d3
Batman: The Dark Knight Returns (Batman),￥131.21,0,5,15,47271d8e08b5d31c
Little Red,￥114.91,0,3,15,4aa03792b50f0b22
Batman: The Long Halloween (Batman),￥311.38,0,2,15,7edc0527cf782e19
Amy Meets the Saints and Sages,￥157.48,0,3,15,7ebfa6c1bee69e1e
Beauty Restored (Riley Family Legacy Novellas #3),￥94.78,0,2,15,3f69e667a67e54d9
Chasing Heaven: What Dying Taught Me About Living,￥322.47,0,2,15,513271dadc1322ae
Zealot: The Life and Times of Jesus of Nazareth,￥210.71,0,3,14,dd5bfa6cc2c0ecc3
Anonymous,￥399.42,0,4,15,d24b829be2ca81c4
Becoming Wise: An Inquiry into the Mystery and Art of Living,￥234.00,0,2,15,919e7cb2269a25d2
"Daring Greatly: How the Courage to Be Vulnerable Transforms the Way We Live, Love, Parent, and Lead",￥165.76,0,3,15,3b9a3b4624b7fd6d
Big Magic: Creative Living Beyond Fear,￥262.75,0,3,15,1f329c2e7d7de8bd
Dark Notes,￥163.71,0,5,15,88c21fcd38e2486e
Close to You,￥421.94,0,4,15,a57b1dcbd6849222
The Songs of the Gods,￥379.45,0,5,14,00c4543ec6bd25b4
Amatus,￥431.15,0,5,15,ffd54178acc9a6a5
The Testament of Mary,￥449.32,0,4,14,081305e6df719dff
The Time Keeper,￥237.84,0,5,14,e9906e2f0d189745
The Song of Achilles,￥319.06,0,5,14,e88fb1c9397cfb27
The Wedding Pact (The O'Malleys #2),￥278.19,0,3,14,c5cb9f885d8b3621
The Star-Touched Queen,￥392.59,0,5,14,1528279aec1f3dce
This Is Where It Ends,￥231.36,0,2,14,f0f38174a7e689a3
Through the Woods,￥216.51,0,2,14,6e44bcbeac7f4360
The Rosie Project (Don Tillman #1),￥461.01,0,1,14,012094e90a4b908d
Twenty Yawns,￥188.36,0,2,14,1d6443ffba9dfd80
The Year of Magical Thinking,￥367.17,0,2,14,34c0d7c4ee5650af
Until Friday Night (The Field Party #1),￥395.07,0,2,14,aba2db9afb1469c7
V for Vendetta (V for Vendetta Complete),￥316.50,0,4,14,4a1debca3135ff37
The Wright Brothers,￥484.56,0,4,14,08b2f71d93836313
"Unbroken: A World War II Story of Survival, Resilience, and Redemption",￥391.99,0,2,14,76c84daa539426e2
Walt Disney's Alice in Wonderland,￥110.56,0,5,14,6a31307a81e8f3a8
Miss Peregrine’s Home for Peculiar Children (Miss Peregrine’s Peculiar Children #1),￥91.79,0,1,15,af96613fdd793a3c
Whole Lotta Creativity Going On: 60 Fun and Unusual Exercises to Awaken and Strengthen Your Creativity,￥325.88,0,4,14,44a10f1ac8ce822e
The Bridge to Consciousness: I'm Writing the Bridge Between Science and Our Old and New Beliefs.,￥272.99,0,3,15,efc3768127714ec3
"The Inefficiency Assassin: Time Management Tactics for Working Smarter, Not Longer",￥175.65,0,5,16,8c9e6bf2467d740d
Modern Romance,￥241.08,0,5,15,caf4fe9311f1dc59
"We Are Robin, Vol. 1: The Vigilante Business (We Are Robin #1)",￥459.82,0,1,14,92275cedf6d8ee15
The Artist's Way: A Spiritual Path to Higher Creativity,￥328.35,0,5,15,dd047728de72ad62
Tastes Like Fear (DI Marnie Rome #3),￥91.20,0,1,14,2d1e337aaf341858
The 14th Colony (Cotton Malone #11),￥334.75,0,1,14,1b8187fa4bf6ab05
What's It Like in Space?: Stories from Astronauts Who've Been There,￥167.21,0,2,14,6fd646a334e6e133
The Art of War,￥284.42,0,5,15,e7469e22b5bfb3e7
That Darkness (Gardiner and Renner #1),￥118.75,0,1,14,0c7b9cf2b7662b65
The Bad-Ass Librarians of Timbuktu: And Their Race to Save the World’s Most Precious Manuscripts,￥134.53,0,1,14,923831a05c9f91f7
Take Me with You,￥385.68,0,3,14,2c04320e110a14a3
The White Queen (The Cousins' War #1),￥221.04,0,5,14,6875c5657661b2fb
The Darkest Lie,￥301.57,0,5,14,6edacfd1f8ebb9eb
The Help Yourself Cookbook for Kids: 60 Easy Plant-Based Recipes Kids Can Make to Stay Healthy and Save the Earth,￥245.43,0,3,14,ddc8340dabc8641b
The Hidden Oracle (The Trials of Apollo #1),￥445.82,0,2,14,992974ba6a0536ea
The Bane Chronicles (The Bane Chronicles #1-11),￥381.59,0,4,14,dc6f688b82e42a5b
The Literature Book (Big Ideas Simply Explained),￥148.69,0,3,14,4881cc53f6c8892f
The Guilty (Will Robie #4),￥117.90,0,2,14,847935fc68707426
The Long Haul (Diary of a Wimpy Kid #9),￥375.96,0,1,14,f21effc079a2b38a
The Immortal Life of Henrietta Lacks,￥346.95,0,2,14,f72f61ad6a5f12ed
The Lucifer Effect: Understanding How Good People Turn Evil,￥88.72,0,1,14,4e812d32d64e2431
The Dovekeepers,￥416.14,0,1,14,3d76bc83c6b644c9
Shtum,￥476.37,0,4,14,830fb3967c74866d
"Naruto (3-in-1 Edition), Vol. 14: Includes Vols. 40, 41 & 42 (Naruto: Omnibus #14)",￥327.50,0,2,14,71e36f33981ddb74
No Dream Is Too High: Life Lessons From a Man Who Walked on the Moon,￥187.25,0,2,14,132ec5e8c984adef
Old School (Diary of a Wimpy Kid #10),￥100.92,0,5,14,02b74068fa98d8a4
Once Was a Time,￥155.94,0,2,14,e34efcc824685332
The First Hostage (J.B. Collins #2),￥220.52,0,3,14,a86972014275e072
Pet Sematary,￥90.09,0,3,14,af58a74e4b2a23a0
The Last Mile (Amos Decker #2),￥462.46,0,2,14,3bc89353f7e3a3cc
"Red Hood/Arsenal, Vol. 1: Open for Business (Red Hood/Arsenal #1)",￥217.37,0,2,14,31e2e2d9cca3778f
"Overload: How to Unplug, Unwind, and Unleash Yourself from the Pressure of Stress",￥444.89,0,3,14,8ecf0356a3878811
Robin War,￥407.95,0,3,14,85b2176b3b194030
"Quarter Life Poetry: Poems for the Young, Broke and Hangry",￥434.14,0,5,14,aa35446aab16017f
Rain Fish,￥201.07,0,3,14,a6454e329f872b78
See America: A Celebration of Our National Parks & Treasured Sites,￥416.91,0,3,14,f9705c362f070608
Someone Like You (The Harrisons #2),￥450.35,0,5,14,a278db6b2b09cf9f
Steve Jobs,￥336.97,0,5,14,95019eac1c0a052f
Still Life with Bread Crumbs,￥225.30,0,3,14,fe44cc816576c652
salt.,￥399.08,0,4,14,86cbddb61ea78bb7
Sorting the Beef from the Bull: The Science of Food Fraud Forensics,￥381.67,0,4,14,3edcccc4f341fb1a
"So Cute It Hurts!!, Vol. 6 (So Cute It Hurts!! #6)",￥302.25,0,4,14,394f6d30cafc3edb
The Loney,￥199.62,0,1,14,2d88a31f325dfd3b
Superman Vol. 1: Before Truth (Superman by Gene Luen Yang #1),￥101.43,0,5,14,ac8e3949d284e9a9
The Marriage of Opposites,￥239.55,0,4,14,52cf2a5933ec5d8f
"The Mindfulness and Acceptance Workbook for Anxiety: A Guide to Breaking Free from Anxiety, Phobias, and Worry Using Acceptance and Commitment Therapy",￥203.80,0,4,16,31075275518532d7
The Life-Changing Magic of Tidying Up: The Japanese Art of Decluttering and Organizing,￥143.06,0,3,16,0da9aa9d24677fc0
I Am Pilgrim (Pilgrim #1),￥90.43,0,4,14,aeff7b87a8e83ebb
Swell: A Year of Waves,￥388.84,0,1,14,4c8b7540409da4ac
Island of Dragons (Unwanteds #7),￥252.94,0,1,14,2b52334fab158861
"It's All Easy: Healthy, Delicious Weeknight Meals in under 30 Minutes",￥166.78,0,1,14,245e6bf08b8d2955
Lady Midnight (The Dark Artifices #1),￥138.88,0,5,14,708345c9897fd7c5
The Power of Habit: Why We Do What We Do in Life and Business,￥144.00,0,3,14,6bdd909329435e80
I Know What I'm Doing -- and Other Lies I Tell Myself: Dispatches from a Life Under Construction,￥221.63,0,4,14,b8a8ff84233f0570
Looking for Lovely: Collecting the Moments that Matter,￥248.59,0,5,14,24af96df0bafb925
"Hush, Hush (Hush, Hush #1)",￥401.12,0,3,14,6b6cd77fbc91b7a6
Love Is a Mix Tape (Music #1),￥153.81,0,1,14,adb5f51c2e2ab13f
Lowriders to the Center of the Earth (Lowriders in Space #2),￥439.43,0,2,14,a10c7515834240f3
"Hyperbole and a Half: Unfortunate Situations, Flawed Coping Mechanisms, Mayhem, and Other Things That Happened",￥125.83,0,5,14,fbb21a2f71f4d981
Luckiest Girl Alive,￥425.09,0,3,14,d512871626a5e588
Let It Out: A Journey Through Journaling,￥228.54,0,5,14,1174156c4a0eccaa
Luis Paints the World,￥460.24,0,3,14,5b43cae640f2338a
Cometh the Hour (The Clifton Chronicles #6),￥213.36,0,3,14,28cf0d1c51b491e5
Dear Mr. Knightley,￥95.63,0,5,14,94a958ea126cdcd5
"Eat Fat, Get Thin",￥461.27,0,2,14,047dfa57ba0bf638
Crazy Love: Overwhelmed by a Relentless God,￥407.09,0,2,14,4b9d9cfe0f435788
Doctor Sleep (The Shining #2),￥342.26,0,2,14,bf5de316a5e9a4ab
Demigods & Magicians: Percy and Annabeth Meet the Kanes (Percy Jackson & Kane Chronicles Crossover #1-3),￥319.99,0,5,14,3c6fe637a0180b01
"Eaternity: More than 150 Deliciously Easy Vegan Recipes for a Long, Healthy, Satisfied, Joyful Life",￥441.47,0,5,14,a01f6d368ef64dc5
"Living Leadership by Insight: A Good Leader Achieves, a Great Leader Builds Monuments",￥400.18,0,4,14,17fb5a88180f9904
Eight Hundred Grapes,￥122.76,0,4,14,1d6dd0c87d90fe92
Don't Get Caught,￥472.19,0,1,14,ad2887ce04583910
Daily Fantasy Sports,￥312.06,0,1,14,0e94a089328be4bc
Every Last Word,￥396.43,0,3,14,a2bd4ca82d908442
Feathers: Displays of Brilliant Plumage,￥418.44,0,3,14,9194ae88379dbf1a
Eligible (The Austen Project #4),￥231.10,0,3,14,9eaf58b03a2779cc
Greek Mythic History,￥87.27,0,5,14,f201f263d8c23f97
"Far & Away: Places on the Brink of Change: Seven Continents, Twenty-Five Years",￥128.48,0,4,14,ac4dde0d1be05de0
Glory over Everything: Beyond The Kitchen House,￥391.06,0,3,14,de4b403cb629a29f
God: The Most Unpleasant Character in All Fiction,￥256.18,0,5,14,eec424a84c9e4c68
More Than Music (Chasing the Dream #1),￥320.85,0,2,14,47d47155e89c8be7
Hamilton: The Revolution,￥501.53,0,3,14,afa829857f82f99e
My Kind of Crazy,￥344.31,0,1,14,137b0b2775701e11
Hold Your Breath (Search and Rescue #1),￥245.86,0,1,14,0b165bd4b9f42fd5
Mr. Mercedes (Bill Hodges Trilogy #1),￥246.54,0,1,14,caa2e5b3fb1b2d4c
My Mrs. Brown,￥208.84,0,3,14,cc82685d9f49bc2c
Made to Stick: Why Some Ideas Survive and Others Die,￥331.43,0,5,14,b96fc7a0ea7d4b45
The Murder That Never Was (Forensic Instincts #5),￥461.61,0,3,16,d01ac97e2b8947c2
Cell,￥173.09,0,4,14,bfbb54bc8cdeed2b
El Deafo,￥491.55,0,5,14,27c5968fe43cc06e
Angels Walking (Angels Walking #1),￥291.76,0,2,14,1fbb5f786e53a0ce
Aristotle and Dante Discover the Secrets of the Universe (Aristotle and Dante Discover the Secrets of the Universe #1),￥495.99,0,4,14,41164b8ac02a2c42
My Name Is Lucy Barton,￥354.54,0,1,14,727bf2b86b19ad88
The Most Perfect Thing: Inside (and Outside) a Bird's Egg,￥366.49,0,4,16,aadee1c326d286e3
Batman: Europa,￥273.07,0,2,14,bf68dcb5fad3cc8c
Art Ops Vol. 1,￥416.31,0,3,14,ffdc825785c0ede8
Brain on Fire: My Month of Madness,￥420.74,0,5,14,a80f66b254fe9eb3
Angels & Demons (Robert Langdon #1),￥439.17,0,3,14,ad41c24ccac0c7ce
Balloon Animals,￥145.28,0,3,14,9b65f676984c9f0c
Barefoot Contessa at Home: Everyday Recipes You'll Make Over and Over Again,￥431.83,0,5,14,0e0da9192a025efc
Catching Jordan (Hundred Oaks),￥433.63,0,3,14,e2e7b683b4c15b7d
Barefoot Contessa Back to Basics,￥238.95,0,1,14,999912e63a3262ae
City of Ashes (The Mortal Instruments #2),￥403.26,0,1,14,8a6ec2761f91dad2
City of Bones (The Mortal Instruments #1),￥369.22,0,1,14,5b987e54ee72525c
City of Fallen Angels (The Mortal Instruments #4),￥95.80,0,4,14,1e264c677d4ee4ae
"Carry On, Warrior: Thoughts on Life Unarmed",￥271.71,0,3,14,1b0fc9f777cad045
Buying In: The Secret Dialogue Between What We Buy and Who We Are,￥322.47,0,4,14,16ef91b9d827859c
Carrie,￥394.38,0,2,14,5f22418922fa728b
City of Glass (The Mortal Instruments #3),￥477.90,0,4,14,966ebb738e0f9d9b
The Silent Sister (Riley MacPherson #1),￥394.90,0,5,12,ce1ae197ada2aec4
All the Light We Cannot See,￥254.82,0,5,14,39861fc1c0845d15
The Star-Touched Queen,￥275.55,0,5,12,4a7a25be293ad678
Code Name Verity (Code Name Verity #1),￥188.79,0,4,14,33a3e0e3ffde0dcd
Tipping Point for Planet Earth: How Close Are We to the Edge?,￥320.34,0,1,12,148715df5a02ea5e
Rook,￥322.98,0,4,13,44d97b6707dae3f0
Will You Won't You Want Me?,￥118.24,0,3,12,077b635ff2afc578
13 Hours: The Inside Account of What Really Happened In Benghazi,￥230.85,0,1,13,4be9d1910f8a4e80
Clockwork Angel (The Infernal Devices #1),￥376.55,0,1,14,42b0c50fc44140ec
Searching for Meaning in Gailana,￥330.40,0,1,13,2f0213137a80d485
My Kitchen Year: 136 Recipes That Saved My Life,￥98.36,0,2,13,8bbd7df8a324f31d
A Brush of Wings (Angels Walking #3),￥473.55,0,1,14,01a177623cce9596
A People's History of the United States,￥347.98,0,2,14,1ad06aed9349af46
"A Series of Catastrophes and Miracles: A True Story of Love, Science, and Cancer",￥481.83,0,2,14,c1379d3744f1dd2c
A Study in Scarlet (Sherlock Holmes #1),￥142.72,0,2,14,63ee5bc46066a8a8
A Distant Mirror: The Calamitous 14th Century,￥124.38,0,3,14,d5e0526e1ab682a3
A Man Called Ove,￥338.85,0,1,14,8682c03de6a844ff
"Love, Lies and Spies",￥175.31,0,2,12,9546d537fbf99eb6
Most Wanted,￥300.97,0,3,12,c039f5aceb093537
Murder at the 42nd Street Library (Raymond Ambler #1),￥463.74,0,4,12,e7fe3bf2768602cf
No Love Allowed (Dodge Cove #1),￥466.21,0,4,12,db84624b151cbe06
How to Speak Golf: An Illustrated Guide to Links Lingo,￥497.52,0,5,12,b978c9852cde91bd
"The Three Searches, Meaning, and the Story",￥113.72,0,3,13,ac5e0d3938caf686
1491: New Revelations of the Americas Before Columbus,￥185.97,0,3,14,6e8e5626ac4d279e
Poisonous (Max Revere Novels #3),￥228.63,0,3,12,abdd91e96515a617
Psycho: Sanitarium (Psycho #1.5),￥315.39,0,5,12,b8d7b3f5c7a95d65
Quench Your Own Thirst: Business Lessons Learned Over a Beer or Two,￥368.02,0,1,12,8976d9161c027142
Raspberry Pi Electronics Projects for the Evil Genius,￥423.73,0,4,12,ebf81a62e4798fd1
Off the Hook (Fishing for Trouble #1),￥406.67,0,3,11,b783ce08802cd1d1
One with You (Crossfire #5),￥134.02,0,4,12,81ef44fcc5f454df
Playing with Fire,￥116.96,0,3,11,05a61a3bd8ca4149
Sleeping Giants (Themis Files #1),￥415.80,0,1,11,f435aa99d864077d
"Setting the World on Fire: The Brief, Astonishing Life of St. Catherine of Siena",￥180.43,0,2,11,b06599b108e83f98
Take Me Home Tonight (Rock Star Romance #3),￥460.50,0,3,11,cf62fa272b5f0fa3
Snatched: How A Drug Queen Went Undercover for the DEA and Was Kidnapped By Colombian Guerillas,￥180.94,0,3,12,f40fea200e0c644f
The Improbability of Love,￥507.16,0,1,11,437d8dea9272d0a9
"The Sleep Revolution: Transforming Your Life, One Night at a Time",￥99.64,0,4,11,985991708c47003e
Stars Above (The Lunar Chronicles #4.5),￥409.91,0,2,12,b63ea3f7a57ae099
The Widow,￥232.55,0,2,11,6159d8b187831770
Troublemaker: Surviving Hollywood and Scientology,￥412.81,0,2,11,515cb8fcafb1ad98
The Art of Startup Fundraising,￥179.15,0,3,11,1c584f82a7a1c4f0
"A la Mode: 120 Recipes in 60 Pairings: Pies, Tarts, Cakes, Crisps, and More Topped with Ice Cream, Gelato, Frozen Custard, and More",￥330.74,0,1,12,a4eef523118805ef
A Paris Apartment,￥332.79,0,4,12,63343e287971bb0c
10-Day Green Smoothie Cleanse: Lose Up to 15 Pounds in 10 Days!,￥424.07,0,5,10,96aa539bfd4c07e2
"10% Happier: How I Tamed the Voice in My Head, Reduced Stress Without Losing My Edge, and Found Self-Help That Actually Works",￥209.60,0,2,10,34669b2e9d407d3a
11/22/63,￥413.58,0,3,11,a9d7b75461084a26
A Gentleman's Position (Society of Gentlemen #3),￥125.83,0,5,11,40c4bf520c17de54
A Mother's Reckoning: Living in the Aftermath of Tragedy,￥166.61,0,3,11,2b69dec0193511d9
Arena,￥182.22,0,4,11,2c34f9432069b52b
Born for This: How to Find the Work You Were Meant to Do,￥184.18,0,5,11,816180220e8cb419
Cravings: Recipes for What You Want to Eat,￥174.88,0,3,11,2587c54f5530dafc
Daredevils,￥139.39,0,3,11,f608c903c451f387
The Diary of a Young Girl,￥511.00,0,3,12,54fc03f1e1d355db
"Exit, Pursued by a Bear",￥437.98,0,4,11,c65c25d990fc7025
Keep Me Posted,￥174.54,0,4,11,20dc4f1ac5d4fd9c
Lies and Other Acts of Love,￥385.08,0,1,11,469508882dfc1991
M Train,￥231.87,0,1,11,5569c3fea112718e
Lab Girl,￥348.49,0,1,11,825d6c44da3ca5a6
"Mother, Can You Not?",￥144.09,0,5,11,28b2df9fadc9f07e
Boar Island (Anna Pigeon #19),￥507.42,0,3,12,49b24c6a41b82bd2
The Children,￥101.35,0,3,12,64fd010bf8d15096
Grey (Fifty Shades #4),￥413.66,0,4,11,b5953ca1f8a0b8d7
Can You Keep a Secret? (Fear Street Relaunch #4),￥414.94,0,1,12,d069086944f2e330
Dirty (Dive Bar #1),￥348.32,0,4,12,df7e628bad5782b4
Equal Is Unfair: America's Misguided Fight Against Income Inequality,￥485.07,0,1,12,3968e3fbf4695d7c
It Didn't Start with You: How Inherited Family Trauma Shapes Who We Are and How to End the Cycle,￥480.03,0,3,11,ce8666d9b42fc9a0
Eleanor & Park,￥482.08,0,5,12,6983328f15506cb9
Don't Forget Steven,￥283.48,0,1,9,e845d305f64154f1
Adultery,￥178.13,0,5,11,bb967277222e689c
"Fruits Basket, Vol. 9 (Fruits Basket #9)",￥289.62,0,4,9,97187f5cf0385da3
If I Gave You God's Phone Number....: Searching for Spirituality in America,￥178.38,0,1,9,8fab4c4f6f82a4ce
"NaNo What Now? Finding your editing process, revising your NaNoWriMo book and building a writing career through publishing and beyond",￥88.81,0,4,9,ee6c67859d70186b
Everyday Italian: 125 Simple and Delicious Recipes,￥171.47,0,5,12,76319fe9d8b465a3
Dress Your Family in Corduroy and Denim,￥372.63,0,3,9,7e9068872228c474
Modern Day Fables,￥404.71,0,2,9,6baac632f7711e26
Mothering Sunday,￥113.80,0,2,11,47e1b2d43f709995
The Flowers Lied,￥142.30,0,2,9,33396269bcce166f
The Art and Science of Low Carbohydrate Living,￥451.97,0,5,9,f9c87ccb2bc4853b
"The Fabric of the Cosmos: Space, Time, and the Texture of Reality",￥476.96,0,1,9,ca74f2e3c35a3e77
"The Moosewood Cookbook: Recipes from Moosewood Restaurant, Ithaca, New York",￥105.27,0,4,9,65cfc9f242c2984a
Nap-a-Roo,￥213.95,0,1,9,913e7109cec0cb4c
Suzie Snowflake: One beautiful flake (a self-esteem story),￥467.58,0,5,9,0e095ed785af7e43
The Alien Club,￥464.08,0,1,9,e77594ece9b9d1fe
Shadows of the Past (Logan Point #1),￥338.42,0,5,8,bee6e93e9976f4fa
Silence in the Dark (Logan Point #4),￥497.61,0,3,8,e46a164cf310fd7d
The Book of Mormon,￥209.60,0,3,9,3f25a2fedae191cc
Smarter Faster Better: The Secrets of Being Productive in Life and Business,￥331.77,0,5,8,a2475a245c9907c4
The E-Myth Revisited: Why Most Small Businesses Don't Work and What to Do About It,￥314.88,0,1,8,a2308a936e898d48
South of Sunshine,￥246.80,0,1,8,331c26103d885cae
The Grownup,￥306.09,0,1,8,1bba4b1ba23ed2d6
The High Mountains of Portugal,￥436.36,0,1,8,4f283dfcbeccc0d4
The Martian (The Martian #1),￥353.09,0,2,8,9afd00e81d6208e6
The New Drawing on the Right Side of the Brain,￥367.00,0,3,8,3eec766dda26fa64
The Unlikely Pilgrimage of Harold Fry (Harold Fry #1),￥372.12,0,5,8,e0bdd79c7304ee8d
Vagabonding: An Uncommon Guide to the Art of Long-Term World Travel,￥315.13,0,2,8,1809259a5a5f1d8d
When Breath Becomes Air,￥335.78,0,2,8,b69c852e7e3956af
Why Not Me?,￥151.51,0,1,8,04f6c929888f4f11
23 Degrees South: A Tropical Tale of Changing Whether...,￥305.32,0,2,9,61cf7eb9d2cd8bb0
"The Midnight Assassin: Panic, Scandal, and the Hunt for America's First Serial Killer",￥242.70,0,4,8,5a0d2e9284004266
A Hero's Curse (The Unseen Chronicles #1),￥430.73,0,3,9,c181ca8eabe7d18c
A Shard of Ice (The Black Symphony Saga #1),￥483.10,0,3,9,63d5f1651880dcea
Art and Fear: Observations on the Perils (and Rewards) of Artmaking,￥414.86,0,4,9,d6d9ffea95f2f8bf
Chernobyl 01:23:40: The Incredible True Story of the World's Worst Nuclear Disaster,￥306.43,0,2,9,7186241e043de5dc
The New Brand You: Your New Image Makes the Sale for You,￥375.79,0,5,9,4b50fb1359ebf35d
"Zero to One: Notes on Startups, or How to Build the Future",￥290.56,0,3,8,e77033ce559947f7
The Shack,￥239.12,0,1,9,903a9f8090104c2c
History of Beauty,￥87.78,0,4,8,8a150fd8ff5d7686
Howl and Other Poems,￥345.07,0,2,8,b7870fa6dc088fbb
Hystopia: A Novel,￥187.34,0,4,8,0bfdef63285d3019
I Will Find You,￥377.15,0,1,8,bbf1ea50be8008ab
Lilac Girls,￥147.41,0,2,11,bade9943ee01b63f
Kierkegaard: A Christian Missionary to Christians,￥402.06,0,1,8,0cf57cb49272fd37
Kill 'Em and Leave: Searching for James Brown and the American Soul,￥384.32,0,5,8,39eefec3a8498dde
Left Behind (Left Behind #1),￥347.38,0,2,8,29af1a2566c4e36e
Les Fleurs du Mal,￥247.74,0,5,8,c44c5e1425475206
I'll Give You the Sun,￥481.83,0,1,8,0ab4b35dcffcffd1
"Love That Boy: What Two Presidents, Eight Road Trips, and My Son Taught Me About a Parent's Expectations",￥213.78,0,2,8,4d3a4c7b442a9a4e
Miller's Valley,￥499.40,0,2,8,bff270fe9c86a5a9
My Life Next Door (My Life Next Door ),￥310.44,0,5,8,9a7291b89bd5445c
Out of Print: City Lights Spotlight No. 14,￥457.60,0,5,8,c0fc0cd215ee1724
Please Kill Me: The Uncensored Oral History of Punk,￥266.08,0,4,8,4a823d80aa30dbb0
Living Forward: A Proven Plan to Stop Drifting and Get the Life You Want,￥107.06,0,3,8,044534b0b28b4e87
Man's Search for Meaning,￥251.49,0,3,8,4729afff3bea0f0a
Underlying Notes,￥100.84,0,2,9,0967effecd292a86
Rising Strong,￥186.14,0,3,8,52fc458ffc756faf
Roller Girl,￥120.29,0,5,8,aeb51dfbe8aeec59
John Vassos: Industrial Design for Modern Life,￥172.49,0,4,8,bd26e8a79a856c31
The Whale,￥306.77,0,4,7,0ff9d10864db8364
Toddlers Are A**holes: It's Not Your Fault,￥217.96,0,1,7,4242cc3d0437db12
Under the Tuscan Sun,￥318.46,0,3,7,a94350ee74deaa07
Unreasonable Hope: Finding Faith in the God Who Brings Purpose to Your Pain,￥395.24,0,2,7,48cb52d78c992487
"""Most Blessed of the Patriarchs"": Thomas Jefferson and the Empire of the Imagination",￥379.45,0,5,8,f16c2edb2a603f92
32 Yolks,￥457.51,0,2,8,b1a227b7609ff263
Wildlife of New York: A Five-Borough Coloring Book,￥188.87,0,2,7,b46d022080543144
"A Murder Over a Girl: Justice, Gender, Junior High",￥112.61,0,3,8,fef91502cbacf23a
Between the World and Me,￥485.49,0,4,8,04e3de7ac35ec5cd
What Happened on Beale Street (Secrets of the South Mysteries #2),￥216.43,0,5,7,9735c969c652dd89
The Year of Living Biblically: One Man's Humble Quest to Follow the Bible as Literally as Possible,￥296.19,0,1,7,4a0b78598b42897a
Proofs of God: Classical Arguments from Tertullian to Barth,￥462.46,0,1,8,d56d0710668bb39c
Death by Leisure: A Cautionary Tale,￥319.99,0,4,8,4dbd54d9e36c9566
Playing from the Heart,￥276.23,0,1,7,68008abf6409dfde
Raymie Nightingale,￥293.55,0,2,7,31c56c4d0fe19340
Brilliant Beacons: A History of the American Lighthouse,￥97.68,0,3,8,7f5157bf53065d36
Being Mortal: Medicine and What Matters in the End,￥469.71,0,4,8,15ebd83e53d0391b
Sister Dear,￥342.94,0,4,7,7ffebdd1d5148aef
"Rich Dad, Poor Dad",￥441.39,0,1,7,8486f61aa81a3daa
"Shrunken Treasures: Literary Classics, Short, Sweet, and Silly",￥451.03,0,3,7,9639e89d20228e6e
Steal Like an Artist: 10 Things Nobody Told You About Being Creative,￥178.30,0,2,7,8776181be110838a
You Are a Badass: How to Stop Doubting Your Greatness and Start Living an Awesome Life,￥103.05,0,3,7,88ec621893e595d0
The 7 Habits of Highly Effective People: Powerful Lessons in Personal Change,￥282.97,0,4,7,5fbd03b1ac0a0e69
Team of Rivals: The Political Genius of Abraham Lincoln,￥171.64,0,5,7,ba047a636b7d3793
The Bachelor Girl's Guide to Murder (Herringford and Watts Mysteries #1),￥446.17,0,5,7,20789fb17b423c4c
The Bourne Identity (Jason Bourne #1),￥364.95,0,4,7,d250657f0ebc5d73
"Sit, Stay, Love",￥178.30,0,3,7,bd087cf6a846db75
The Faith of Christopher Hitchens: The Restless Soul of the World's Most Notorious Atheist,￥337.40,0,1,7,57f85720e54d6442
Brazen: The Courage to Find the You That's Been Hiding,￥163.96,0,2,8,77e9ea355bd8ae57
The Constant Princess (The Tudor Court #1),￥141.78,0,3,7,24933c712f0bca2f
The Drowning Girls,￥304.30,0,3,7,7a10353c9c54cf7c
The Great Gatsby,￥307.54,0,4,7,a8dbf1c6b41b885a
The Origin of Species,￥85.39,0,4,7,0345872b14f9e774
The Story of Art,￥350.96,0,4,7,9147c5251cc99eb1
Diary of a Citizen Scientist: Chasing Tiger Beetles and Other New Ways of Engaging the World,￥242.36,0,1,8,0c11e2d068768dbb
The Good Girl,￥418.27,0,3,7,f935412970c9f58f
The Art Book,￥275.89,0,2,7,4b8fa561a1e52d1c
Heaven is for Real: A Little Boy's Astounding Story of His Trip to Heaven and Back,￥450.94,0,2,8,d48c1369927ebef1
Watchmen,￥495.22,0,4,9,d1848064c54e01c7
Future Shock (Future Shock #1),￥474.74,0,5,8,df6a7c43faa6732b
"Chronicles, Vol. 1",￥448.73,0,2,7,4781b6bfd6f7a2c5
Counted With the Stars (Out from Egypt #1),￥153.30,0,5,7,4807043b8218e9ce
Every Heart a Doorway (Every Heart A Doorway #1),￥103.74,0,5,7,4fa75fc6829431ca
Ender's Game (The Ender Quintet #1),￥372.29,0,1,8,e049d44c4f1cf1b2
Finding God in the Ruins: How God Redeems Pain,￥397.88,0,2,7,4e78f06160b717ac
Delivering the Truth (Quaker Midwife Mystery #1),￥178.21,0,4,7,4e980425468708da
For the Love: Fighting for Grace in a World of Impossible Standards,￥385.00,0,3,7,2e40333991f56f45
Good in Bed (Cannie Shapiro #1),￥316.07,0,5,7,c00bc29a678a6efb
How to Cook Everything Vegetarian: Simple Meatless Recipes for Great Food (How to Cook Everything),￥392.51,0,4,7,2a9fcb3382d351c8
Unlimited Intuition Now,￥502.21,0,4,9,4fd0a2a350f016e6
Blue Like Jazz: Nonreligious Thoughts on Christian Spirituality,￥219.84,0,1,7,a322361a37a78d3d
King's Folly (The Kinsman Chronicles #1),￥337.91,0,5,7,4c82371b8cd02d4d
John Adams,￥489.93,0,4,7,68407606544d6f22
Life of Pi,￥112.78,0,4,7,40cdcbb7692fd408
How to Be a Domestic Goddess: Baking and the Art of Comfort Cooking,￥241.00,0,2,7,eff5710404e2ff78
Memoirs of a Geisha,￥423.73,0,3,7,dac4b5847454fd9b
"Fruits Basket, Vol. 7 (Fruits Basket #7)",￥166.95,0,1,7,de6d7645f192d517
Leave This Song Behind: Teen Poetry at Its Best,￥436.53,0,5,7,b74ee891e2a6dd69
Without Shame,￥411.79,0,5,9,ab60e6f5a63e1cfb
The Glass Castle,￥138.54,0,1,7,47f4fd3e8e1dac05
Hide Away (Eve Duncan #20),￥101.01,0,1,12,bddc6fd036eb6279
"Naturally Lean: 125 Nourishing Gluten-Free, Plant-Based Recipes--All Under 300 Calories",￥97.08,0,5,7,924438fc6cbec836
Furiously Happy: A Funny Book About Horrible Things,￥353.69,0,4,12,c6a29d6df8de968c
Like Never Before (Walker Family #2),￥245.43,0,2,7,b6670507e85b30e6
The Fellowship of the Ring (The Lord of the Rings #1),￥87.61,0,2,6,cb17945cb90b7837
The Collected Poems of W.B. Yeats (The Collected Works of W.B. Yeats #1),￥131.55,0,5,6,3d250ab0f12be445
Meternity,￥371.78,0,3,7,725cd8d23d78cdca
Nightstruck: A Novel,￥429.53,0,4,7,746029796363aa51
The Girl You Left Behind (The Girl You Left Behind #1),￥134.70,0,1,6,eb7459e0c570251d
The Great Railway Bazaar,￥260.53,0,1,6,48736df57e7bec9f
The God Delusion,￥399.67,0,3,6,2bc80eba94950873
The Golden Compass (His Dark Materials #1),￥160.12,0,1,6,d33824cb93ecab6f
The Makings of a Fatherless Child,￥269.41,0,2,6,2efa5a839e62b1bd
The Man Who Mistook His Wife for a Hat and Other Clinical Tales,￥507.16,0,4,6,60376aa71be66083
The Mysterious Affair at Styles (Hercule Poirot #1),￥211.57,0,4,6,2da5edf8b5776c9a
The Perks of Being a Wallflower,￥469.37,0,3,6,fd364afd082f5446
The Rise and Fall of the Third Reich: A History of Nazi Germany,￥338.42,0,2,6,774fa432bd7d9c47
The Sound Of Love,￥493.43,0,5,6,5ba3d703d1ae0c1d
A Short History of Nearly Everything,￥447.02,0,5,7,6c7fa6844380f50a
A Summer In Europe,￥378.26,0,2,7,cc1936a9f4e93477
"At The Existentialist Café: Freedom, Being, and apricot cocktails with: Jean-Paul Sartre, Simone de Beauvoir, Albert Camus, Martin Heidegger, Edmund Husserl, Karl Jaspers, Maurice Merleau-Ponty and others",￥255.33,0,5,7,6b52904b2ab91bf6
The Dinner Party,￥482.34,0,2,12,c6ca293d4810e0d5
The Hobbit (Middle-Earth Universe),￥151.85,0,5,6,72b5355dda190b6a
A Year in Provence (Provence #1),￥485.24,0,4,6,9e60929f521fa280
An Unquiet Mind: A Memoir of Moods and Madness,￥181.71,0,3,6,46cb43c2ab133ccc
The Invention of Wings,￥318.54,0,1,6,e6635f5b0a2c78db
The Joy of Cooking,￥369.13,0,4,6,d326e189b1210916
Deception Point,￥343.97,0,4,6,4e3b183180e2a992
"Fruits Basket, Vol. 6 (Fruits Basket #6)",￥178.81,0,4,6,97258f576d4bb672
Fun Home: A Family Tragicomic,￥482.76,0,4,6,56a34d0cec11d6b0
Better Homes and Gardens New Cook Book,￥337.91,0,3,6,faf841f81c52638b
Catherine the Great: Portrait of a Woman,￥499.48,0,4,6,f3c70d296ec796c4
"Death Note, Vol. 6: Give-and-Take (Death Note #6)",￥310.44,0,3,6,6e06d0f00f6da20f
Give It Back,￥156.29,0,2,6,012170e4fc87ace0
How to Stop Worrying and Start Living,￥396.60,0,5,6,e792c0969cefe1b8
In Cold Blood,￥426.37,0,4,6,fe0f34ebed689381
Me Before You (Me Before You #1),￥162.26,0,1,6,7a2b51f69e81c722
Mere Christianity,￥413.83,0,3,6,f38f37ed934d84b2
Musicophilia: Tales of Music and the Brain,￥397.37,0,1,6,6d235933670503d9
Pride and Prejudice,￥164.39,0,4,6,720c36b2bee4692e
In the Woods (Dublin Murder Squad #1),￥327.42,0,2,6,6958de044cb28a84
A Gathering of Shadows (Shades of Magic #2),￥382.27,0,4,7,d1378a0ad06ff979
"Girl, Interrupted",￥359.49,0,3,6,384c7d41d5ffe9d1
The Expatriates,￥380.31,0,2,5,fe7210553d56c097
The False Prince (The Ascendance Trilogy #1),￥477.73,0,5,5,a2a9f76339d21ab1
The Fault in Our Stars,￥402.83,0,1,5,3661360c99719414
The Firm,￥388.67,0,3,5,ad84f18659e6bfe2
The Grand Design,￥117.39,0,3,5,3213b1f13f5f0f7c
The Mathews Men: Seven Brothers and the War Against Hitler's U-boats,￥366.06,0,5,5,0d210d2448c3018f
The Metamorphosis,￥243.81,0,1,5,93379e3a2072a01b
The Raven King (The Raven Cycle #4),￥260.79,0,2,5,2e4fc5eacceec12c
The Hiding Place,￥476.96,0,4,5,c4589ee5977a47be
The Secret Garden,￥128.65,0,4,5,abbb492978ff656d
This Is Your Brain on Music: The Science of a Human Obsession,￥327.59,0,1,5,bc209a900101f28d
What If?: Serious Scientific Answers to Absurd Hypothetical Questions,￥457.94,0,4,5,163d89116179c33f
Where She Went (If I Stay #2),￥355.99,0,4,5,60369d96b7b80869
Why Save the Bankers?: And Other Essays on Our Economic and Political Crisis,￥415.20,0,2,5,759ee7d059b1beb8
Two Summers,￥124.89,0,1,5,3a7d54a264d9f33e
World Without End (The Pillars of the Earth #2),￥281.26,0,4,5,2e5b4ff08a75fd02
Ship Leaves Harbor: Essays on Travel by a Recovering Journeyman,￥261.05,0,3,6,8d8e9f9b8730eb25
The Raven Boys (The Raven Cycle #1),￥492.57,0,4,5,e0b3a679b83caccc
Tell the Wolves I'm Home,￥434.73,0,2,6,2a1b3d967cda1da2
Benjamin Franklin: An American Life,￥411.10,0,3,7,5b546a46a86a9d8c
The Little Paris Bookshop,￥210.97,0,3,5,dfd9ff1f343cdaff
Kill the Boy Band,￥132.40,0,5,5,44f545727e704187
Last One Home (New Beginnings #1),￥511.68,0,3,5,07e6810fd3236bda
The Barefoot Contessa Cookbook,￥511.17,0,5,6,6478ccb4416e6a5d
Killing Floor (Jack Reacher #1),￥268.64,0,4,5,8dde2ff3f6fcc0a3
The Power Greens Cookbook: 140 Delicious Superfood Recipes,￥94.27,0,5,5,f701fae56b645ef7
Lola and the Boy Next Door (Anna and the French Kiss #2),￥201.59,0,4,5,5e1a88d248599768
My Mother Was Nuts,￥269.83,0,4,5,a4ce39a3720cd679
Peak: Secrets from the New Science of Expertise,￥138.88,0,2,5,6036239d2ab349b7
Red Dragon (Hannibal Lecter #1),￥199.37,0,3,5,e958ae92f328c181
Mexican Today: New and Rediscovered Recipes for Contemporary Kitchens,￥212.50,0,5,5,12a90b90283b2e6d
Shiver (The Wolves of Mercy Falls #1),￥138.46,0,5,5,59a8ae019b64f2a7
Maybe Something Beautiful: How Art Transformed a Neighborhood,￥192.29,0,1,5,81c68492ccd72941
Siddhartha,￥291.93,0,5,5,84bb29c53592ac40
Talking to Girls About Duran Duran: One Young Man's Quest for True Love and a Cooler Haircut,￥214.55,0,4,5,1dba84766a5e87b8
Tell Me Three Things,￥356.68,0,1,5,50d5a7b861ed1c54
Tell the Wind and Fire,￥388.24,0,3,5,84126312e2431a09
"Will Grayson, Will Grayson (Will Grayson, Will Grayson)",￥403.60,0,4,5,e75f3ae1da1cc652
The Crossover,￥330.74,0,4,5,b228042c088b1913
The Dream Thieves (The Raven Cycle #2),￥294.32,0,1,5,fec06f52054ea900
Logan Kade (Fallen Crest High #5.5),￥111.93,0,2,5,7093cf549cd2e7de
The Darkest Corners,￥96.66,0,5,5,c4182bdb53e2459a
Remember Me?,￥97.93,0,3,5,2973d38c2fbd7a5c
America's War for the Greater Middle East: A Military History,￥436.95,0,2,5,add33db6ff80db24
An Abundance of Katherines,￥85.31,0,5,5,f36d24c309e87e5b
Booked,￥149.21,0,5,5,b54d7416bb445989
The 5th Wave (The 5th Wave #1),￥100.92,0,2,5,b716233fcb6877e6
Critique of Pure Reason,￥177.02,0,1,5,429b4a811bef386c
Dracula the Un-Dead,￥303.96,0,5,5,e46b1074b99ac4b6
Drama,￥330.15,0,2,5,d5ad4c92d8bf26c9
Digital Fortress,￥494.79,0,5,5,94bb629a3f6dd00b
Find Her (Detective D.D. Warren #8),￥190.84,0,1,5,b28c7d07afa7063b
Approval Junkie: Adventures in Caring Too Much,￥501.70,0,5,5,612369a5947a012e
"Blue Lily, Lily Blue (The Raven Cycle #3)",￥291.16,0,5,5,ad5e078beceaeb4a
Evicted: Poverty and Profit in the American City,￥360.60,0,1,5,75cc85cdbe9ad46b
Foundation (Foundation (Publication Order) #1),￥276.57,0,1,5,3fc124f59f3068e4
"Data, A Love Story: How I Gamed Online Dating to Meet My Match",￥275.97,0,3,5,bcf567421c581f0a
Fool Me Once,￥144.68,0,1,5,630e766f0a1987dd
Some Women,￥117.13,0,5,4,31f5bbf4974d29c9
The Beast (Black Dagger Brotherhood #14),￥393.10,0,5,4,8930013d06942df1
The Bone Hunters (Lexy Vaughan & Steven Macaulay #2),￥509.38,0,3,4,9c4d061c1e2fe6bf
The Geography of Bliss: One Grump's Search for the Happiest Places in the World,￥240.83,0,2,4,c65ee14957c0fa5c
The Gunning of America: Business and the Making of American Gun Culture,￥143.40,0,4,4,45033bdf3d9ed158
The Hound of the Baskervilles (Sherlock Holmes #5),￥126.43,0,2,4,6587f46697fc4443
The Demonists (Demonist #1),￥444.55,0,2,4,ff2dffba388d9922
"Death Note, Vol. 5: Whiteout (Death Note #5)",￥447.10,0,1,5,1c0a38899c82b60a
"The Demon Prince of Momochi House, Vol. 4 (The Demon Prince of Momochi House #4)",￥237.84,0,2,4,df53c2948b32bde3
The Perfect Play (Play by Play #1),￥511.77,0,3,4,9cc207168a03470d
The Pilgrim's Progress,￥428.76,0,2,4,6053ddf69c967d5f
The Shining (The Shining #1),￥237.84,0,3,4,d4de23aa98acc65b
The Hunger Games (The Hunger Games #1),￥254.65,0,5,4,6d2f70d9424f41a1
The Jazz of Physics: The Secret Link Between Music and the Structure of the Universe,￥330.23,0,3,4,6a57286a8890d8c5
Girl With a Pearl Earring,￥228.37,0,1,4,5eff05e59f905a49
A Clash of Kings (A Song of Ice and Fire #2),￥92.05,0,3,5,89a89e76f3516357
"Fruits Basket, Vol. 4 (Fruits Basket #4)",￥430.30,0,4,4,8fff1084aa085a13
The Passion of Dolssa,￥241.60,0,5,4,011674f4a3834b8d
Vogue Colors A to Z: A Fashion Coloring Book,￥446.59,0,4,4,a8f4577a48023344
Harry Potter and the Half-Blood Prince (Harry Potter #6),￥415.88,0,5,4,73f4f87dd936ee5c
Harry Potter and the Order of the Phoenix (Harry Potter #5),￥269.83,0,4,4,5a6b7155f2797537
Harry Potter and the Chamber of Secrets (Harry Potter #2),￥125.75,0,1,4,c7c4f55b7321cba7
A Feast for Crows (A Song of Ice and Fire #4),￥146.82,0,4,5,f2c8f4b4c94d5c5c
Harry Potter and the Sorcerer's Stone (Harry Potter #1),￥118.58,0,3,4,ac337893a9fe0085
It,￥213.36,0,3,4,670a2773607d785d
Little Women (Little Women #1),￥239.46,0,4,4,deda806b68b0aa11
God Is Not Great: How Religion Poisons Everything,￥237.16,0,1,4,ddbc5530d2939d49
Needful Things,￥405.30,0,4,4,70b585c9d0f15725
Night Shift (Night Shift #1-20),￥108.77,0,4,4,869d20b3b8128230
Harry Potter and the Prisoner of Azkaban (Harry Potter #3),￥206.19,0,4,4,eff24325e0ede639
When You Are Engulfed in Flames,￥263.52,0,5,3,dab0196cd5fc8e5e
Gone with the Wind,￥277.17,0,3,4,23310ce84d3c9f85
We the People: The Modern-Day Figures Who Have Reshaped and Affirmed the Founding Fathers' Vision of America,￥272.56,0,3,3,06bab964fd536971
Misery,￥296.79,0,2,4,81d4191030b9704b
Wuthering Heights,￥151.25,0,3,3,5a7ff9aaa3168878
World War Z: An Oral History of the Zombie War,￥185.97,0,1,3,5d55202da0252627
Zero History (Blue Ant #3),￥296.62,0,1,3,634b7165c96ebb9f
'Salem's Lot,￥422.79,0,4,4,6e9403f00acd6752
Mockingjay (The Hunger Games #3),￥174.37,0,4,4,5212c6acea3359e5
"Where'd You Go, Bernadette",￥154.67,0,1,3,07bb35158d9dd3d2
Animal Farm,￥488.14,0,3,4,1451b55e5e56bb89
"A History of God: The 4,000-Year Quest of Judaism, Christianity, and Islam",￥235.62,0,1,4,d12ca4020c2f602e
A Walk to Remember,￥481.40,0,1,4,aead11697d14ea36
Can You Keep a Secret?,￥187.17,0,1,4,0812f54c93d726ce
Candide,￥500.17,0,3,4,2798974abc8a58a8
Atlas Shrugged,￥226.75,0,5,4,78a4ac98191ac675
Wild: From Lost to Found on the Pacific Crest Trail,￥392.59,0,3,3,d30b9215c72cca87
Confessions of a Shopaholic (Shopaholic #1),￥417.50,0,2,4,a2dc754afb69bb32
Dark Lover (Black Dagger Brotherhood #1),￥109.79,0,1,4,2b69d289279aabfd
Far From True (Promise Falls Trilogy #2),￥297.98,0,2,4,ad15a9a139919918
A New Earth: Awakening to Your Life's Purpose,￥474.74,0,5,4,f6ae39568db1130e
The Stand,￥493.60,0,2,3,49f24193f0b961e6
"Orchestra of Exiles: The Story of Bronislaw Huberman, the Israel Philharmonic, and the One Thousand Jews He Saved from Nazi Horrors",￥105.44,0,3,4,2ba5ccc84d35006c
The Thing About Jellyfish,￥416.05,0,1,3,3d15714d4d3d15dd
The Smitten Kitchen Cookbook,￥201.24,0,1,3,742702d662a71410
The Undomestic Goddess,￥390.29,0,4,3,813cff2aefa5d1f0
The Tipping Point: How Little Things Can Make a Big Difference,￥85.48,0,2,3,224fa77d4b248046
The Wild Robot,￥478.33,0,3,3,75fed6a47f69859d
We Are All Completely Beside Ourselves,￥205.08,0,1,3,be3db344a845580b
Changing the Game (Play by Play #2),￥114.14,0,3,4,aaebac5fda798b1b
No One Here Gets Out Alive,￥170.79,0,5,4,3a95f5a2df4ff921
"Trespassing Across America: One Man's Epic, Never-Done-Before (and Sort of Illegal) Hike Across the Heartland",￥456.49,0,1,3,2173a2ce35f6ace1
Three-Martini Lunch,￥198.00,0,3,3,57f755143ee96fd4
The Maze Runner (The Maze Runner #1),￥178.55,0,1,3,4266f48a0aa1c37d
The Lonely Ones,￥371.86,0,5,3,cf2f27fdf94ba20e
"Thinking, Fast and Slow",￥180.34,0,1,3,719d72f3ee512dc6
The Lover's Dictionary,￥495.56,0,2,3,36c15687f5ab0f7c
The Nanny Diaries (Nanny #1),￥448.13,0,5,3,6263c1d2997b8ce0
The Nightingale,￥224.02,0,4,3,29d6d87f3418638b
The Travelers,￥134.53,0,1,3,2b685187f55c5d31
The Name of God is Mercy,￥317.78,0,2,3,0baf71623648413a
The Picture of Dorian Gray,￥253.37,0,2,3,b9f6305a3d650e2c
The New Guy (and Other Senior Year Distractions),￥383.21,0,3,3,3e42ac0f4d43320f
"The Wicked + The Divine, Vol. 3: Commercial Suicide (The Wicked + The Divine)",￥122.93,0,3,3,a33ed2e6068df53e
The Purest Hook (Second Circle Tattoos #3),￥104.50,0,1,3,969f6c7e86554814
The Paris Wife,￥313.94,0,3,3,fa26798728f5208f
The Rest Is Noise: Listening to the Twentieth Century,￥296.62,0,1,3,e2d47e82c50d41d9
The Restaurant at the End of the Universe (Hitchhiker's Guide to the Galaxy #2),￥93.16,0,1,3,0e92ccf1bd39e68f
The Demon-Haunted World: Science as a Candle in the Dark,￥445.74,0,4,3,f51062bf579507d9
The Purpose Driven Life: What on Earth Am I Here for?,￥317.26,0,3,3,0e7beedf0ee9380c
"The Disappearing Spoon: And Other True Tales of Madness, Love, and the History of the World from the Periodic Table of the Elements",￥489.25,0,5,3,63c0826ef59eae66
"The Elegant Universe: Superstrings, Hidden Dimensions, and the Quest for the Ultimate Theory",￥111.16,0,4,3,c6bf14cb901c63ac
"The End of Faith: Religion, Terror, and the Future of Reason",￥188.79,0,4,3,b3f2bc2cefb35f05
The Exiled,￥370.67,0,3,3,dd003e904727281a
The Girl Who Kicked the Hornet's Nest (Millennium Trilogy #3),￥490.36,0,1,3,8f5d16a5a9bd58b2
The Girl Who Played with Fire (Millennium Trilogy #2),￥188.87,0,2,3,bfa9cb304075d3e8
The Girl with All the Gifts,￥422.02,0,3,3,92dcc54a27107a37
The Devil Wears Prada (The Devil Wears Prada #1),￥377.83,0,1,3,a6ab0cb7106a67f2
The Guns of August,￥124.04,0,2,3,b5da59dd177eb36b
The Giver (The Giver Quartet #1),￥104.93,0,1,3,e2dac1f4739e0bd5
The Guernsey Literary and Potato Peel Pie Society,￥422.54,0,1,3,4a0a276409968a73
The Husband's Secret,￥447.96,0,5,3,ff6bb30dd0c482a6
The Obsession,￥387.56,0,1,3,ee441c8e027caa66
The Red Tent,￥304.21,0,5,3,3c456328b04a8ee8
The Hitchhiker's Guide to the Galaxy (Hitchhiker's Guide to the Galaxy #1),￥407.78,0,3,3,a8b0ea6490bc818f
Shopaholic & Baby (Shopaholic #5),￥396.26,0,2,3,c57d3c96af23c297
The Goldfinch,￥371.78,0,3,3,c88422d8959260ab
Soldier (Talon #3),￥210.88,0,2,3,feaaae90514eb2ac
Something Blue (Darcy & Rachel #2),￥465.96,0,1,3,3fc9d51d1c4d6ba7
Something Borrowed (Darcy & Rachel #1),￥417.67,0,5,3,ac27ab4bcd9c492e
The Day the Crayons Came Home (Crayons),￥224.62,0,5,3,b22362b434e8ee62
Spilled Milk: Based on a True Story,￥422.36,0,1,3,f08667e4c0458f37
Stiff: The Curious Lives of Human Cadavers,￥313.43,0,3,3,a11ae5f07572ef49
"Surely You're Joking, Mr. Feynman!: Adventures of a Curious Character",￥220.35,0,2,3,61002f3b7ba5d780
The Art of Fielding,￥188.53,0,1,3,2858ac90c4758e1f
The Autobiography of Malcolm X,￥199.88,0,2,3,b04a6a0db525857d
The Book of Basketball: The NBA According to The Sports Guy,￥382.53,0,5,3,08decd9664e5d56e
The Book Thief,￥456.32,0,2,3,a75e274c8814b539
The Case for Christ (Cases for Christianity),￥408.12,0,1,3,970bd3316219e7dc
The Catcher in the Rye,￥209.43,0,1,3,487449f4f6322f0f
The Complete Stories and Poems (The Works of Edgar Allan Poe [Cameo Edition]),￥228.46,0,4,3,cad70d6ffd53912f
The Cuckoo's Calling (Cormoran Strike #1),￥163.88,0,1,3,1be6d3b121865edb
The Da Vinci Code (Robert Langdon #2),￥195.87,0,2,3,dabf11918b48b40c
The Cat in the Hat (Beginner Books B-1),￥138.71,0,2,3,b7f475238ed50429
The Infinities,￥233.83,0,1,3,554e9e2d532b3a87
"The Art of Simple Food: Notes, Lessons, and Recipes from a Delicious Revolution",￥292.78,0,3,3,311634df10651e05
"The Land of 10,000 Madonnas",￥252.86,0,4,3,35e69a79d2b1e804
The Last Painting of Sara de Vos,￥473.89,0,2,3,476c7972e9b41891
The Lean Startup: How Today's Entrepreneurs Use Continuous Innovation to Create Radically Successful Businesses,￥289.37,0,3,3,70c7c3ca7f9b2728
One for the Money (Stephanie Plum #1),￥280.41,0,2,3,3250650a5c4e6f07
The Blind Side: Evolution of a Game,￥458.19,0,5,3,cd3dcd83bb002e78
Original Fake,￥268.30,0,3,3,c59283b05905c853
Outliers: The Story of Success,￥120.80,0,1,3,09a7b0b566ad6225
Packing for Mars: The Curious Science of Life in the Void,￥483.53,0,2,3,8e2dfd6bcf48e1e6
Persepolis: The Story of a Childhood (Persepolis #1-2),￥333.81,0,1,3,cb62418129b864a3
Orange Is the New Black,￥209.95,0,2,3,8378c899988905ee
Red: The True Story of Red Riding Hood,￥243.47,0,3,3,4c8ece50736f9e88
Prodigy: The Graphic Novel (Legend: The Graphic Novel #2),￥372.20,0,3,3,9707989a439757b4
The Complete Poems,￥352.50,0,5,3,23707d3ddf14a999
Rogue Lawyer (Rogue Lawyer #1),￥427.48,0,3,3,b4f5672f68ec3a83
Ready Player One,￥162.68,0,4,3,2ef5dc7e278e562a
Running with Scissors,￥110.13,0,4,3,28921443f052bea6
"Rise of the Rocket Girls: The Women Who Propelled Us, from Missiles to the Moon to Mars",￥355.48,0,4,3,89cad3f37c9ce226
Quiet: The Power of Introverts in a World That Can't Stop Talking,￥371.52,0,1,3,3c565df219ba3274
Reservations for Two,￥94.69,0,3,3,ecdf73ee66c33b17
Rework,￥382.87,0,2,3,8e9dd8431170c09e
Seven Days in the Art World,￥446.42,0,2,3,07806456878931bc
Seven Brief Lessons on Physics,￥261.05,0,4,3,281a244ce1954711
Lady Renegades (Rebel Belle #3),￥452.48,0,5,3,16e843e6b853cc2f
Legend (Legend #1),￥372.72,0,4,3,0ce8075fab4a2b5b
"Lean In: Women, Work, and the Will to Lead",￥213.44,0,1,3,d5e1a9bfe22bbf9f
Scarlet (The Lunar Chronicles #2),￥124.30,0,4,3,510832818edb6fbc
Let's Pretend This Never Happened: A Mostly True Memoir,￥384.83,0,1,3,1246e4ffeb5ac4ea
Life Without a Recipe,￥503.66,0,5,3,c53d9fefcda371e9
"Lamb: The Gospel According to Biff, Christ's Childhood Pal",￥473.46,0,5,3,190fbebbf798c31a
Letter to a Christian Nation,￥189.39,0,1,3,1de75f05d57bfc10
Lust & Wonder,￥101.26,0,2,3,0dcadb06206abd3c
Sarah's Key,￥394.90,0,1,3,5b2cd5b31a510848
"Life, the Universe and Everything (Hitchhiker's Guide to the Galaxy #3)",￥283.74,0,2,3,4b3f4f151c99f472
Manuscript Found in Accra,￥298.41,0,2,3,546da23278482b0a
Me Talk Pretty One Day,￥491.38,0,2,3,abc4a7ee16c21088
Lila (Gilead #3),￥106.38,0,3,3,4ef75307fb64e2ad
Midnight Riot (Peter Grant/ Rivers of London - books #1),￥473.12,0,2,3,e9056f9b5a40a301
"Miracles from Heaven: A Little Girl, Her Journey to Heaven, and Her Amazing Story of Healing",￥493.34,0,1,3,7980fa06f2b704d8
Morning Star (Red Rising #3),￥250.81,0,1,3,7ce5a92baabb6bc0
Gone Girl,￥320.76,0,5,3,d5c588b6f9c015e4
"Grayson, Vol 3: Nemesis (Grayson #3)",￥364.44,0,1,3,4f6985aca357ae09
Heir to the Sky,￥375.96,0,4,3,b003f8bb02f76dc5
Gratitude,￥227.43,0,5,3,c300cc9326592b65
Horrible Bear!,￥320.08,0,2,3,cc1ac978a6835ef6
"House of Lost Worlds: Dinosaurs, Dynasties, and the Story of Life on Earth",￥372.80,0,2,3,1812b8f5641287e3
House of Leaves,￥468.26,0,1,3,557c03c284be1bf2
Golden (Heart of Dread #3),￥360.09,0,4,3,984b3b6e7479b571
Life After Life,￥222.91,0,2,3,4ec53ff7e2263f32
Green Eggs and Ham (Beginner Books B-16),￥92.05,0,4,3,621e2c310cec8d32
Holidays on Ice,￥435.67,0,2,3,0cb4856be3694a57
Inferno (Robert Langdon #4),￥349.77,0,5,3,6c4646d90b60a56c
If I Run (If I Run #1),￥426.29,0,4,3,61569d12d4ae7161
"In the Garden of Beasts: Love, Terror, and an American Family in Hitler's Berlin",￥246.12,0,3,3,d8292cd5f1aca291
"Saga, Volume 3 (Saga (Collected Editions) #3)",￥184.01,0,5,3,7b870bf85d01c2dc
Girl in the Blue Coat,￥399.50,0,2,3,41fc5dce044f16f5
Hungry Girl Clean & Hungry: Easy All-Natural Recipes for Healthy Eating in the Real World,￥282.71,0,3,3,6c4d17a46cac8787
I've Got Your Number,￥167.97,0,1,3,6b32b561dab8036c
I Am Malala: The Girl Who Stood Up for Education and Was Shot by the Taliban,￥246.37,0,2,3,8010c7c148057fd3
Crazy Rich Asians (Crazy Rich Asians #1),￥419.12,0,5,3,c9782ad2a0ed9331
Into the Wild,￥483.70,0,5,3,a7c3f1010d64799a
Dark Places,￥203.89,0,5,3,66937c669c4da072
"David and Goliath: Underdogs, Misfits, and the Art of Battling Giants",￥151.94,0,1,3,d234ddecef49ef4e
Dracula,￥448.90,0,3,3,a7ec599c1a547746
Dune (Dune #1),￥468.01,0,1,3,36d5884d44484277
Disrupted: My Misadventure in the Start-Up Bubble,￥130.35,0,5,3,81372abc86f65c79
Darkfever (Fever #1),￥477.90,0,1,3,468bd274ac084bb9
Eclipse (Twilight #3),￥159.87,0,1,3,73f71f9556442117
Eragon (The Inheritance Cycle #1),￥374.25,0,3,3,b843f52a986a2914
Fellside,￥329.46,0,1,3,147019cae600694e
Fifty Shades Freed (Fifty Shades #3),￥131.03,0,5,3,ed813a848580ba50
Dead Wake: The Last Crossing of the Lusitania,￥334.75,0,5,3,04d858cdeeee0da4
Counting Thyme,￥90.60,0,1,3,157f693d9e600ccc
Do Androids Dream of Electric Sheep? (Blade Runner #1),￥439.17,0,1,3,98330e431e56a9ea
Are We Smart Enough to Know How Smart Animals Are?,￥482.68,0,1,3,da0349a87c8caa2f
Are We There Yet?,￥90.94,0,3,3,ef9c4f2465513956
Ash,￥188.19,0,4,3,5d22e2a46604b6e7
"Friday Night Lights: A Town, a Team, and a Dream",￥436.95,0,3,3,a9aa3ed5b316470b
Awkward,￥324.34,0,2,3,1d89a2aa9f6ce50f
Extreme Prey (Lucas Davenport #26),￥216.68,0,3,3,588ba85ff11a3263
Beautiful Creatures (Caster Chronicles #1),￥183.84,0,5,3,5439bae708bca198
Beowulf,￥327.16,0,2,3,3fb69f34e178d494
Best of My Love (Fool's Gold #20),￥233.83,0,2,3,67dea6c75d6a1075
Black Flags: The Rise of ISIS,￥348.66,0,1,3,860318b8e244f39c
Blink: The Power of Thinking Without Thinking,￥185.46,0,5,3,0bbc48294707ba96
Fire Bound (Sea Haven/Sisters of the Heart #5),￥181.54,0,4,3,2ed3a794a70aa85f
Between Shades of Gray,￥177.36,0,5,3,155e42df837ee5ff
Boy Meets Boy,￥180.17,0,3,3,8e0bc2fe4e7d35b5
"Born to Run: A Hidden Tribe, Superathletes, and the Greatest Race the World Has Never Seen",￥233.32,0,2,3,e256de8aa0c2115f
Brave Enough,￥437.81,0,5,3,fd2337c1b73b686e
Breaking Dawn (Twilight #4),￥300.97,0,5,3,bbfc4a3b7b6c94a0
"Black Butler, Vol. 1 (Black Butler #1)",￥420.66,0,1,3,15f415d436888b2d
Big Little Lies,￥188.62,0,1,3,d3f9c4539c0caa64
Girl Online On Tour (Girl Online #2),￥456.15,0,1,2,97b8f130d32e9f4e
Catastrophic Happiness: Finding Joy in Childhood's Messy Years,￥318.63,0,2,3,ef49db2aaa9bb547
Kindle Paperwhite User's Guide,￥290.05,0,3,2,fb495f9f9015a772
Life,￥269.41,0,5,2,637e5a45062aa548
New Moon (Twilight #2),￥109.71,0,4,2,6fa3ea52c8e31e06
H is for Hawk,￥489.84,0,5,2,b6d3f4f4ee1f6069
"Saga, Volume 2 (Saga (Collected Editions) #2)",￥100.24,0,3,2,9189fd009df41d0e
Cosmos,￥308.56,0,2,3,dbe33cf29ef1623d
Cinder (The Lunar Chronicles #1),￥222.57,0,1,3,7e9579921e5407cb
The Sense of an Ending,￥267.70,0,3,2,4130678275eb7c8c
Sugar Rush (Offensive Line #2),￥208.32,0,1,2,ce42e3de94226b2b
The Selfish Gene,￥251.24,0,1,1,6f2c0a9adbb2bca9
The Course of Love,￥143.15,0,3,2,f3c76b53b239f511
"The Sandman, Vol. 2: The Doll's House (The Sandman (volumes) #2)",￥467.58,0,1,2,276dc716b1da8899
"Run, Spot, Run: The Ethics of Keeping Pets",￥170.79,0,1,2,b0e479be03911916
The Story of Hong Gildong,￥368.45,0,4,1,32d035df92ab9080
"The Wicked + The Divine, Vol. 1: The Faust Act (The Wicked + The Divine)",￥311.55,0,2,1,dac9d1e654fac737
Three Wishes (River of Time: California #1),￥376.90,0,2,1,460f97a346b44bac
The Zombie Room,￥167.97,0,5,1,9c96cd1329fbd82d
This One Moment (Pushing Limits #1),￥415.54,0,1,1,d6d98d3508c30f57
The Silent Twin (Detective Jennifer Knight #3),￥309.25,0,3,1,9e9932ae1a7d0943
The Silent Wife,￥105.27,0,5,1,b78deb463531d078
Travels with Charley: In Search of America,￥493.26,0,5,1,0268f149d014b389
Twenty Love Poems and a Song of Despair,￥264.03,0,4,1,e63c3f25338baf9a
Vampire Girl (Vampire Girl #1),￥459.13,0,2,1,dab5e75d1339706a
"Vampire Knight, Vol. 1 (Vampire Knight #1)",￥131.38,0,1,1,e7e87087b1a44711
Where Lightning Strikes (Bleeding Stars #3),￥339.27,0,3,1,def389ddfda6991b
While You Were Mine,￥352.50,0,5,1,8ceb5c6aed2c5f8b
"Y: The Last Man, Vol. 1: Unmanned (Y: The Last Man #1)",￥157.91,0,4,1,09d26b5f819c6a36
Diary of a Minecraft Zombie Book 1: A Scare of a Dare (An Unofficial Minecraft Book),￥451.11,0,4,2,d7b463918d3b8c39
The Tumor,￥354.54,0,5,1,6514add13c82b115
Ways of Seeing,￥337.06,0,5,1,66a4e422b212726a
When I'm Gone,￥443.27,0,3,1,c5f91eb481427dc5
"Fruits Basket, Vol. 2 (Fruits Basket #2)",￥99.30,0,5,2,c0db71f6bb14db11
"The Suffragettes (Little Black Classics, #96)",￥101.43,0,2,2,d2185b65af52d68c
The Communist Manifesto,￥125.92,0,3,1,18b4545a5ed15581
The Complete Maus (Maus #1-2),￥90.77,0,3,1,3301af038a720587
The Haters,￥237.93,0,5,1,fff8a057a40c4a60
The Edge of Reason (Bridget Jones #2),￥163.62,0,4,1,29fc016c459aeb14
The Iliad,￥137.86,0,1,1,86d8bd7afa5b51b3
The Last Girl (The Dominion Trilogy #1),￥309.33,0,2,1,16c71736dae78764
The Hook Up (Game On #1),￥309.59,0,5,1,6e473eff459e809f
The End of the Jesus Era (An Investigation #1),￥122.84,0,1,1,09659d1639a1f978
The Little Prince,￥387.47,0,2,1,1aeca7d078d57deb
The Mirror & the Maze (The Wrath and the Dawn #1.5),￥250.64,0,1,1,c40b70e0f6d80189
The Name of the Wind (The Kingkiller Chronicle #1),￥431.58,0,3,1,c8614adb1a90b027
The Girl You Lost,￥104.84,0,5,1,4280ac3eab57aa5d
The Girl In The Ice (DCI Erika Foster #1),￥135.21,0,3,1,ee61197edb882599
The Odyssey,￥252.86,0,3,1,f0512adadffd2480
The Nicomachean Ethics,￥310.01,0,1,1,5c10b64db3e4f228
The Republic,￥288.17,0,3,1,0ec9d2b018fb10d8
One Second (Seven #7),￥451.63,0,2,1,7ea31f38675b91c1
The Light of the Fireflies,￥464.34,0,1,1,04e43893e32f9d29
"Ouran High School Host Club, Vol. 1 (Ouran High School Host Club #1)",￥254.82,0,3,1,326825e02a198cf6
"The Sandman, Vol. 1: Preludes and Nocturnes (The Sandman (volumes) #1)",￥461.69,0,3,1,5faefdc861684eb1
"Paper Girls, Vol. 1 (Paper Girls #1-5)",￥185.21,0,4,1,bcbcbcf0f6ed196f
Paradise Lost (Paradise #1),￥212.93,0,1,1,849db7ab7f4a640c
Origins (Alphas 0.5),￥247.31,0,1,1,8932e5c12f12ffed
"Rat Queens, Vol. 1: Sass & Sorcery (Rat Queens (Collected Editions) #1-5)",￥400.61,0,5,1,3cdca3b4a93980f5
Career of Evil (Cormoran Strike #3),￥210.88,0,2,3,b461cf238506c5b8
"Saga, Volume 1 (Saga (Collected Editions) #1)",￥242.96,0,1,1,4f64568dfefa3ce7
Sense and Sensibility,￥319.57,0,1,1,35e44170702139a4
Shadow Rites (Jane Yellowrock #10),￥185.29,0,4,1,229cd6564bf0dce4
"Rhythm, Chord & Malykhin",￥241.77,0,2,1,9efb397067eb7e8a
Sister Sable (The Mad Queen #1),￥113.72,0,3,1,3a9a7c5895e82646
"Skip Beat!, Vol. 01 (Skip Beat! #1)",￥359.32,0,3,1,2ac720f76384c57e
The No. 1 Ladies' Detective Agency (No. 1 Ladies' Detective Agency #1),￥492.23,0,4,1,b0913e67d38d5ed5
Settling the Score (The Summer Games #1),￥383.12,0,2,1,132adf7335bb384a
Shameless,￥497.78,0,3,1,c068c013d6921fea
Taking Shots (Assassins #1),￥161.06,0,2,1,a7eef9d6795422c1
On the Road (Duluoz Legend),￥276.06,0,3,1,9ff997ab15713e53
Starlark,￥220.35,0,3,1,e25164e5b3fe208b
"Hawkeye, Vol. 1: My Life as a Weapon (Hawkeye #1)",￥385.94,0,3,1,6fe02600f322a0a9
Icing (Aces Hockey #2),￥344.99,0,4,1,3455b45888fb5053
"Fruits Basket, Vol. 1 (Fruits Basket #1)",￥343.62,0,5,1,72e6fbf4f6382557
Jane Eyre,￥327.84,0,5,1,8d390a1fc3133d06
Kitchens of the Great Midwest,￥487.97,0,5,1,06f6a57a6d532844
Having the Barbarian's Baby (Ice Planet Barbarians #7.5),￥298.24,0,4,1,6717a70913b3db79
Lord of the Flies,￥212.33,0,3,1,71a6471bbdac21d9
Imperfect Harmony,￥296.36,0,4,1,f28f7299d38c0932
Lost Among the Living,￥236.31,0,4,1,d510567580c8be52
Matilda,￥241.77,0,1,1,1053fb7ee17a1f33
"Giant Days, Vol. 1 (Giant Days #1-4)",￥484.21,0,4,1,eb0fe24bbc845ecc
Meditations,￥220.87,0,2,1,4f19709e47883df5
"Ms. Marvel, Vol. 1: No Normal (Ms. Marvel (2014-2015) #1)",￥336.03,0,4,1,35a60467893aa168
My Perfect Mistake (Over the Top #1),￥332.02,0,2,1,fd78f89878479f56
Myriad (Prentor #1),￥501.19,0,4,1,63e20a0f98218a87
Of Mice and Men,￥401.89,0,2,1,39592d9d72e717c4
Shatter Me (Shatter Me #1),￥361.71,0,1,1,9ed7090d8fa690b0
Alice in Wonderland (Alice's Adventures in Wonderland #1),￥473.72,0,1,1,cd2a2a70dd5d176d
"1,000 Places to See Before You Die",￥222.49,0,5,1,228ba5e7577e1d49
Beyond Good and Evil,￥370.07,0,1,1,08672cd59171d5e4
A Spy's Devotion (The Regency Spies of London #1),￥144.77,0,5,1,19fec36a1dfb4c16
"Bleach, Vol. 1: Strawberry and the Soul Reapers (Bleach #1)",￥295.60,0,5,1,099fae4a0705d63b
Bounty (Colorado Mountain #7),￥317.86,0,4,1,abc0b15f2c907ff0
Listen to Me (Fusion #1),￥503.24,0,3,1,6e712ea24e77bd96
Off Sides (Off #1),￥336.54,0,5,1,b6f1cfadc4dd79d4
1st to Die (Women's Murder Club #1),￥460.50,0,1,1,f684a82adc49f011
"Ajin: Demi-Human, Volume 1 (Ajin: Demi-Human #1)",￥486.77,0,4,1,bfd5e1701c862ac3
Charity's Cross (Charles Towne Belles #4),￥351.81,0,1,1,a96404cb928895f3
Bright Lines,￥333.30,0,5,1,230ac636ea0ea415
Deep Under (Walker Security #1),￥401.72,0,5,1,0072b94dfa30608e
Charlie and the Chocolate Factory (Charlie Bucket #1),￥194.93,0,3,1,1774749f2cee292f
Choosing Our Religion: The Spiritual Lives of America's Nones,￥242.45,0,4,1,a812f6969ddf3e39
Emma,￥280.92,0,2,1,2e69730561ed70ad
Fighting Fate (Fighting #6),￥334.75,0,3,1,6390772a3094939d
Bridget Jones's Diary (Bridget Jones #1),￥254.39,0,1,1,a2b4b685dfa94733
Frankenstein,￥324.17,0,2,1,a492f49a3e2b6a71
"Eat, Pray, Love",￥437.81,0,3,1,df56868afd166557
The Art of Not Breathing,￥348.32,0,4,1,5bc1fbccfbf2355c
Blood Defense (Samantha Brinkman #1),￥173.18,0,3,1,95cdfd514098c38b
The Bette Davis Club,￥261.56,0,3,1,dfb0849016bc122c
Old Records Never Die: One Man's Quest for His Vinyl and His Past,￥474.83,0,2,1,a1985630339f4b3d
8 Keys to Mental Health Through Exercise,￥264.80,0,1,3,f5873c8fc7760000
A Walk in the Woods: Rediscovering America on the Appalachian Trail,￥260.02,0,4,3,bcee4f289ff6699c
Forever Rockers (The Rocker #12),￥245.69,0,3,1,e564c3f1a93ccf2e
A Heartbreaking Work of Staggering Genius,￥463.14,0,5,3,c9770bb1d5a492a0
And Then There Were None,￥298.67,0,2,3,cfe350b20d23b02b
Annie on My Mind,￥314.19,0,5,3,7bf87402413c27ff
#GIRLBOSS,￥434.73,0,1,3,165affa7adb5eded
A Visit from the Goon Squad,￥120.12,0,5,3,5dbd6ec4e154ad2f
"Fruits Basket, Vol. 3 (Fruits Basket #3)",￥385.34,0,2,3,d5f5a122a593b580
Civilization and Its Discontents,￥511.43,0,2,3,396385e3de5d18c3
A Storm of Swords (A Song of Ice and Fire #3),￥266.33,0,2,3,87beabf664115d79
Jurassic Park (Jurassic Park #1),￥383.63,0,1,3,a0dd11f6abc421ec
Naked,￥270.34,0,3,3,54aeeb4610d3ae08
The Bhagavad Gita,￥490.44,0,3,1,f3a0b8c835129558
Night (The Night Trilogy #1),￥115.25,0,1,3,c4d9fce9eff3b8ba
The Rise of Theodore Roosevelt (Theodore Roosevelt #1),￥363.16,0,3,3,1a5044d233936b1a
Is Everyone Hanging Out Without Me? (And Other Concerns),￥171.56,0,3,3,034829ffdd0a0aea
"The Sandman, Vol. 3: Dream Country (The Sandman (volumes) #3)",￥473.89,0,5,3,91eb9605998a7c03
Notes from a Small Island (Notes From a Small Island #1),￥342.69,0,1,3,cb65e49993db9a93
It's Never Too Late to Begin Again: Discovering Creativity and Meaning at Midlife and Beyond,￥361.54,0,1,3,d4a29356fc992879
Twilight (Twilight #1),￥357.70,0,2,3,b53078de0147f6bf
The Silkworm (Cormoran Strike #2),￥196.64,0,5,3,f06039c29b5891fa
The Secret Healer,￥294.83,0,3,1,38f776ab9118aed7
Neither Here nor There: Travels in Europe,￥332.28,0,3,3,747cf7fca2ccdbd4
The Rose & the Dagger (The Wrath and the Dawn #2),￥500.25,0,4,3,322a9e34d87f54b1
The Road to Little Dribbling: Adventures of an American in Britain (Notes From a Small Island #2),￥198.00,0,1,3,366a236aa1ea6f07
Under the Banner of Heaven: A Story of Violent Faith,￥255.93,0,1,3,599a4f98bb193368
Twenties Girl,￥365.12,0,2,3,8ebad30219b8679c
Vegan Vegetarian Omnivore: Dinner for Everyone at the Table,￥116.53,0,2,3,4672d10b9b1e7a05
Very Good Lives: The Fringe Benefits of Failure and the Importance of Imagination,￥432.18,0,3,3,52aa3d79b1cee455
Voyager (Outlander #3),￥179.75,0,5,3,7feac4000cbc5859
Outlander (Outlander #1),￥167.80,0,5,4,5de4baa88061a77a
"Unstuffed: Decluttering Your Home, Mind, and Soul",￥495.56,0,1,3,b830685072fa871f
Paper and Fire (The Great Library #2),￥421.85,0,5,4,ae884ac655d6ee3e
A Game of Thrones (A Song of Ice and Fire #1),￥396.00,0,2,5,03cbb67c0f990d87
Shopaholic Ties the Knot (Shopaholic #3),￥412.81,0,5,4,38199c5d7da0c0ef
A Girl's Guide to Moving On (New Beginnings #2),￥267.02,0,1,5,cf3b86489890b9f2
I Know Why the Caged Bird Sings (Maya Angelou's Autobiography #1),￥311.80,0,2,5,d219d4e325e6f204
If I Stay (If I Stay #1),￥325.28,0,5,5,7284d85428305f5a
"Fruits Basket, Vol. 5 (Fruits Basket #5)",￥139.31,0,1,5,3fd83dcf37bf1bc0
Isla and the Happily Ever After (Anna and the French Kiss #3),￥410.59,0,5,5,45045146dbf7b009
Walk the Edge (Thunder Road #2),￥276.06,0,3,3,0e4e2d31c2fb3aad
Two Boys Kissing,￥279.30,0,2,3,61bc8167c9680283
The Epidemic (The Program 0.6),￥123.19,0,5,12,f732d7d18a91d2ba
Harry Potter and the Deathly Hallows (Harry Potter #7),￥198.94,0,1,5,6c49258724f11770
The Gray Rhino: How to Recognize and Act on the Obvious Dangers We Ignore,￥504.60,0,4,12,3063c7e95d0bf76f
The Lonely City: Adventures in the Art of Being Alone,￥283.74,0,2,12,582a21a1dbbef3cf
Abstract City,￥480.89,0,5,14,cf1aa2fc02a7d1e0
The Midnight Watch: A Novel of the Titanic and the Californian,￥223.51,0,1,12,14e44163678e24dc
A Time of Torment (Charlie Parker #14),￥412.47,0,5,14,4416c474713ec1f5
The Golden Condom: And Other Essays on Love Lost and Found,￥336.37,0,1,12,235fa48eeed11d82
"Adulthood Is a Myth: A ""Sarah's Scribbles"" Collection",￥92.99,0,2,14,5319169a72714c62
Alight (The Generations Trilogy #2),￥499.83,0,4,5,d9290e99f189ce84
